KeepVid music tag editor,"Edit various tags for audio files including album name, artwork, artist, genre and so forth with the help of this neat software tool"
WinCHM Pro,"An HTML help authoring tool that will allow you to easily create professional and good looking HTML help(CHM), Web help and PDF manuals"
WordToHelp,"Create Help files in several formats using new or existing Microsoft Word documents, with this powerful and easy-to-use application"
MAKEMSI,A versatile and intuitive application whose main purpose is to build or update MSI based installers (written by a Microsoft MVP)
EximiousSoft Business Card Designer,"A user-friendly application that helps you design business cards by selecting from different preset themes and templates, and print or export them to a file"
Dr.Explain,"A powerful and comprehensive software solution that allows users create complex Help manuals and export them to HTML, PDF, RTF, or CHM file format"
Animated Screensaver Maker,Design your own screensavers by applying animations and other image effects on your personal images using this software application
InstallMate,"Builds software installers that can be deployed on any Windows platform, therefore providing a plethora of customizable packaging options"
BitRock InstallBuilder Professional,A professional and efficient software utility designed to help you easily create installers for your application in an organized fashion
BitRock InstallBuilder Enterprise,"An application designed to ease the software packaging and deployment process, allowing you to build programs for a multitude of platforms and operating systems"
BitRock InstallBuilder,"Create customized installers, RPM package manager or multi-platform DVDs with a click of a button with this user-friendly utility"
WriteItNow,"A great novel writing software that provides you with tools for generating characters, organizing events, locations, ideas and notes"
Help & Manual,"Create user manuals and help files for your application using this tool, which offers you all the necessary instruments to format your text, insert pictures and design the visual layout"
Calibre,Effortlessly keep your e-book library thoroughly organized with the help of this efficient and straightforward software solution
StepShot Guides,"Create presentations or provide explanations by taking multiple screenshots and personalizing them with text, arrows, and geometrical figures"
Disc Cover Studio,Create original disc covers for your favorite CDs and DVDs using the multiple layouts and templates provided by this intuitive software solution
Album DS,Gets integrated with Adobe Photoshop CS or higher to help you create professional-looking digital photo albums using rich addons
Advanced Installer for Java,"Powerful and easy to use installer authoring application that helps you to install, update and configure your products safely, securely and reliably"
Advanced Installer Enterprise,A reliable and effective piece of software worth having when you need to create installers for your applications using simple and intuitive wizards
HelpNDoc Personal Edition,"A useful and easy-to-use application worth having when you need to quickly create complete help files, manuals, documentations and eBooks"
BookWright,"Design e-books, magazines, trade and photo books using multiple layouts and tools, with this powerful and easy-to-use piece of software"
Advanced Installer Professional,A professional software application that bundles a complete set of tools for helping developers build Windows Installer packages
Advanced Installer,"Create your own Windows installer with custom options and appearance, with the help of this intuitive, wizard-style piece of software"
Business Card Designer Plus,A simple and reliable software solution that lets you design and print professional-looking business cards in just a few seconds
ePageCreator,"Create eBooks or publications from PDF, image or SWF files on your computer with ease by relying on this lightweight, handy application"
Tanida Demo Builder,"Create high-quality demonstrations, presentations, tutorials, and movies containing videos, images and screen recordings with this application"
SSE Setup,Create setup wizards by taking advantage of the step-by-step guide provided by this reliable and user-friendly software solution
JPEG Saver,"Accessible, easy-to-use and handy software application that manages to display the contents of your images folders as a screensaver"
Incardex,"Create, design and print ID card layouts, insert personal information, photos and various shapes, edit their properties, and more"
iPixSoft Video Slideshow Maker,Effortlessly convert your digital photos into video flash slideshows with just a few mouse clicks by relying on this streamlined application
VEGAS DVD Architect,Prepare and burn DVD and Blu-ray discs using professional authoring features provided by this comprehensive program with intuitive options
Screen Saver Construction Set,"Enables you to easily distributable multimedia screen savers from your pictures, sounds and text files with this useful application"
PACE Suite,"Sequence or directly edit App-V packages of any complexity smoothly, bring installation packages authoring and modifying to a new level of comfort and repack original software installations to MSI packages"
MSI Wrapper,"Wrap any EXE installer into an MSI package, specifying the ID and upgrade code, as well as command-line arguments with this handy tool"
ScreenSteps,Create detailed visual lessons or tutorials in the blink of an eye and upload them to a given web page with this easy to use application
NativeJ Express,"Automatically generate Win32 native executable files for your Java applications, run the EXE file in order to test it, and add an ICO file from your computer"
CHM Editor,"View, edit and create new HTML help files (CHM) with the help of this intuitive and resourceful application that has many formatting options"
HelpSmith,"Create complex help files with ease, thanks to the user-friendly working environment and numerous options and customization preferences"
InstallSimple PRO,A powerful and compact utility that guides users through the process of creating a customized installer for distributing their files
InstallSimple Free,Create a simple installer for your applications in the blink of an eye with this lightweight utility that will guide you every step of the way
HelpScribble,"Straightforward and simple-to-use application that enables you to create Windows Help files, without affecting your system's performance"
PortableApps.com Installer,Lightweight and simple-to-use application that enables you to quickly create packaging solutions for your portable software products
CreateInstall Light,An efficient and convenient software solution meant to provide you with an installer builder for creating top quality installation packs
CreateInstall,"Create custom installation packages, CAB archives, and installation scripts, modify dialogs, add your own resources and controls and run the installation program to test its functions"
CreateInstall Free,"Create shortcuts in any locations, unpack and/or copy the necessary files, as well as to create the uninstall utility by using this reliable piece of software"
install4j,Follow a few guided steps in order to build a suitable deployment package for your Java applications with the help of this practical tool
PhotoToFilm,Create movies out of your digital photos with the help of this user-friendly application that offers video effects and features a fun and easy process
EMCO MSI Package Builder Enterprise,Generate customizable MSI installation files without requiring advanced knowledge or monitor an existing setup package and create your own MSI file based on the results
EMCO MSI Package Builder Professional,Generate customizable MSI installation packages or repack existing setup files to MSI format with the help of this intuitive application
Nullsoft Scriptable Install System,A professional and efficient application that comes in handy for users who want to create installers and communicate with other software components
ABC-Deploy,Deploy installation procedures for software or patches and run management tasks on client computers and keep an inventory on the resources avaialable
Kotobee Author,"Unleash your creativity as a writer via this ebook creator that helps you come up with beautiful designs that you can populate with text, images, audio, video, and more"
EasyPackager MSI,"Create Windows Installers that can pass Windows App Certification Kit tests, in a few simple steps, with this user-friendly application"
DCP Setup Maker,Create Java installers for your applications and scan directories for any type of file you might want to include in the setup with this intuitive application
DeployMaster,Create a good first impression and wrap the files of your application in a pretty installer package using this handy software utility
Epson Print CD,"A handy means to author your own personalized covers and labels, as well as to print them on CD / DVD discs in a convenient manner"
Vole Media CHM Free Edition,A simple and useful software solution worth having when you need to create and publish CHM documents with embedded images and videos
Centurion Setup,"Build an installer in a self-contained executable by customizing all of its elements, such as EULA, app name, uninstaller icon or expiration date"
Sigil,Advanced ebook editor and designer with intuitive and approachable features and configuration parameters for putting together ePub files
ZOLA MSI Repackager,A software utility that enables you to take snapshots of your entire file system and create MSI installers that can be transferred to other computers
Tobi,"Synchronizes text documents with human narration using DAISY 3 and DTBook XML, while supporting MP3, uncompressed WAV, and MP4 audio files"
Comic Life,Create comic books from scratch or rely on one of the various templates with this powerful application that comes with multiple customization features
Obi,"Minimal program which enables you to easily create Digital Talking Books (DTBs), add and manage bookmarks, as well as information pertaining to it"
SetupBuilder Developer,"Comprehensive setup builder with a powerful scripting facility, API calling features, support for .NET assemblies, authenticode, web-based installations, auto web updates and more"
SetupBuilder Starter,"Create setup packs for applications by tinkering with installation details, customizing the setup appearance, indicating setup requirements, editing the script logic, and more"
CD Label Designer,Create detailed CD covers and disc models using the various layouts and customization methods provided by this complex and reliable application
WiX Toolset,A useful package of command line tools that creates Windows installation packages for your applications by using the XML authoring model
MSI Factory,A powerful and reliable application that allows you to seamlessly develop intricate installers using files and folders from your computer
iStonsoft ePub Converter,"Creates ePub documents from HTML, PDF, MOBI, TXT and DOC files in single and batch mode, featuring support for merging all items"
Setup Factory,A powerful application that will enable you to create professional-grade installers for your software packages with minimal efforts
Live Screensaver Creator,"Make your very own customized screensavers using your personal photos or other images from your favorite movies, landscapes, hobbies or anything else you can find on the Internet"
Ultra Screen Saver Maker,"A user-friendly tool that enables you to design screensavers by merging images, audio files, movies, Flash items, URLs, text messages, and transition effects"
Xilisoft Photo DVD Maker,"An application designed to provide users with the possibility to convert their photo collection to DVD movies, ISO files and DVD folders"
Sandcastle Help File Builder,"A simple and efficient software utility designed to function as a HTML Help file builder, providing you with numerous customizable features"
SamLogic Visual Installer Standard,"Create installer packages that can be ran from various CDs, DVDs or USB devices with the help of this well-organized and efficient application"
SamLogic Visual Installer Professional,Create an installation package in minutes with the help of this easy to use application and distribute your software to end users
Actual Installer Free,"You can create numerous installers, without the need to script, but by simply filling out the necessary details in the forms, quickly and simply"
Actual Installer Pro,Create a professional and comprehensive setup package for your apps using this straightforward utility packed with a long list of options
Make SFX,Easily make SFX self-extracting archives in just three steps with this small utility that provides several options for the extraction method and output location
DRPU Setup Creator,Easily wrap your newly created application in a personalized installation package with the help of this intuitive software utility
Label Flow,"A complete software solution created for anyone who needs to design, store and print barcodes for any kind of service or product"
Xplore,"Create a digital catalog of all your products and present your offer to all potential customers in a modern, and convenient manner"
Screen Paver,Create a screensaver slideshow for your computer using your own digital picture collection and favorite photos with this application
IzPack,"Easily build cross-platform setup packages for your content using Java, thanks to this highly-customizable install generator for the Java platform"
PrintEnvelopeVisual,Create custom labels or envelopes with this program that allows you to define the full contact details of the sender and the receiver
BoxedApp Packer,Pack your program and third-party dependencies in a single executable file that can run unassisted for a seamless installation experience
Screensaver Factory Standard,"Easy-to-use tool which enables you to create picture, video or Flash screensavers, install them on the PC or generate self-installing files"
Screensaver Factory Enterprise,Combine stunning pictures with videos and music while adding various effects and transitions to create a screensaver for business or leisure
Screensaver Factory Professional,"Create personal or shareware screensavers for distribution, following simple wizards step-by-step, and save the output as an EXE or a SCR file"
exe4j,Easy-to-use setup builder for Java apps wrapped up in a ten-step wizard that contains standard and advanced (optional) configuration settings
eBook Factory,"Convert HTML files to EXE and compile ebooks, magazines, catalogs, price lists, etc., with the help of this application that packs various editing tools"
Wondershare DVD Slideshow Builder Deluxe,A powerful software solution that was created to provide you with a means of crating amazing slideshows and burning them onto DVDs
Wondershare DVD Slideshow Builder Standard,A reliable DVD encoder that enables you to design your own photo albums and convert them to videos suitable for iPods or other devices
HelpGear,"CHM, Web Help and PDF creation is easy with this authoring tool, which delivers a feature-rich editor with spell checking and multimedia content support"
CD Assistant,"Designed to help you track your CD collection and manage disc information by creating music databases, running on low system resources"
Scalable Smart Packager CE,An easy to use application that can package EXE files for quick and easy distribution into highly customizable Microsoft installers
Vizitka,"Create simple business cards by relying on this lightweight, easy-to-configure application that features uncomplicated functions"
DVD Slim Free,"Create standard and slim covers for CD, DVD, VHS, Blue Ray, PlayStation consoles, PS1, PS2, PS3, PSP, xBox, Nintendo Wii and other cases"
Easy Web Gallery Builder,"Build image, document or video galleries with options to add watermarks and customize your content, in this easy to use application"
SmartsysSoft Business Card Maker,"Design detailed business cards by taking advantage of the multiple templates, backgrounds, shapes and text types provided by this application"
PortableApps.com Launcher,Turn your applications into portable tools users can carry around on a USB stick without getting involved in intricate processes
Actual Updater,"Ensure your customers use the latest versions of your software by creating a convenient updater that can be bundled with your products, with this handy utility"
EXEpress,Distribute your programs and games through a custom setup package fitted with your own visual elements and technical settings thanks to this application
eFlip Lite / Standard,Explore your creative freedom with the help of this flipbook maker that helps you come up with attractive designs to pack content into
eFlip Professional / Enterprise,"Have wonderful, interactive flipbooks created from PDF, RTF, Office, and other document types, and publish to a supported format for desktop, online, and mobile platforms"
!Easy ScreenSaver Station,You can create your own customized screensavers out of your personal photos and Flash movies with the help of numerous editing tools and
Next FlipBook Maker Pro,"Channel your creativity into inspiring text organized into stylish flipbooks, all with the help of this easy-to-handle software utility"
Next FlipBook Maker,"Create flipbooks you can publish online, offline, or upload to FTP, and load data from PDF files and pictures to create marvelous ideas"
VaySoft SWF to EXE Converter Pro,"Software solution that allows you to convert SWF file to self-running EXE file. The EXE file can be copied to any computer, it comes with many encryption options"
Helpinator,"An easy to use help authoring tool that allows you to create, append and customize your projects, as well as export them as CHM, PDF, RTF or HTML"
4Media Photo DVD Maker,"Use your favorite pictures to create customized photo slideshows, convert them to DVD videos and burn them to discs, with this easy-to-use application"
My Screensaver Maker,"A program that enables users to set images, Flash files, videos and web pages as their screensaver with an option to create compiled EXE files"
Kotobee Publisher,"With this efficient and intuitive application, you can quickly create multi-platform interactive ebooks with useful study tools your users"
QSetup,A powerful and reliable piece of software that allows you to create self extract installation files without requiring programming knowledge
Adobe RoboHelp,"Build and publish help systems, knowledge bases or user manuals with full support for HTML, Adobe AIR and XML documents, providing a user-friendly working environment"
Flash Gallery Creator,"Create Flash albums using templates, transitions, effects, hyperlinks, clipart and background music, as well as publish projects to SWF, HTML5 or other formats"
TMPGEnc Instant Show Presenter,"You can create presentations with images and sounds, add text to each slide and save the as a video or upload your creation on the web"
InstallConstruct,"Build installers for one or more programs, with an abundance of customization options, key generator, registry editor and more without writing a single line of code"
WiXAware,Create setup files for your application using a technology similar Windows Installer XML platform with this simple and straightforward application
UninsHs,"Easily add Repair, Modify and Remove options to setup scripts that you created with Inno Setup by using this lightweight and reliable extension"
RoboAuthor,"Create help documentation for your web or software applications using various editing operations, and print or burn data on CD/DVD"
Paper Killer,"Create complex general and help documents, by using an array of advanced text and HTML editing options, and export the results in different file formats, depending on the situation"
Private Photo Album,Password-protect and encrypt your photos with a simple and efficient tool that also allows you to organize and create slideshows
Easy Gift Card,"Create, edit and manage gift cards for your store using this application with an intuitive interface, a barcode reader and other useful options"
AudioLabel,"An application that can create personalized CD labels and cover images, with the ability to add artist, track, and title information"
eBooksWriter LITE,"Create eBooks, save them to your PC using whatever file format best suits your needs, and password-protect your new documents with this handy tool"
Wedding Album Maker Gold,"Put together DVDs with wedding albums using an intuitive tool to add transitions, effects and music, just as if you were a professional"
Free Business Card Maker,"Create and print simple business cards using shapes, text, and logos from local image files, with this lightweight software utility"
Easy Mail,"A tool for creating custom envelopes for business or personal use, with user-defined logos, as well as mailing and shipping labels and memos"
WinZip Self-Extractor,Create standard self-extracting ZIP files or archives for software installation in just a few simple steps with the help of this simple and easy to use wizard
FlipCreator,"A reliable and efficient software application designed to help you create online publications from PDF documents, images, video and audio files"
Easy Card Creator Express Edition,Effortlessly and quickly create comprehensive identification badges with the help of this streamlined and lightweight application
iScreensaver,"Simple tool which enables you to create screensavers for both Mac and Windows operating systems, preview your projects and lock them"
AquaSoft ScreenShow,"Effortlessly create your own custom screensavers with this intuitive application that allows you to add images, text and audio files"
Video Xpress,Seamlessly create photo albums from your favorite photos or digital albums that you already made using Album Xpress with this intuitive app
HofoSetup,An easy to use tool that will make it possible for anyone to create their own customized installers for the applications they create
Business Card Maker,A software utility designed to help users create various business cards with the minimal amount of effort by selecting from the multiple templates
Lectora Publisher,"Create and publish content quickly, easily and independently with this advanced authoring tool that comes with an extensive list of functions"
Answers,This lightweight application enables you to create help files and FAQ pages for your website or product in just a few quick moves
AlbumPlayer,Organize your music collection and play your favorite tracks with this complete utility that offers increased album management and playlist editing tools
InstallShield - Premier Edition,Develop Windows installers in an efficient manner by turning to this reliable application that comes with a comprehensive interface and packs a wide variety of functions
PhotoDVD,An application that provides users with the possibility to easily come up with photo slideshows to watch on their TV or on YouTube
Aone Photo Screensaver Maker,"Create your own screensavers with image slideshows, soundtracks and a multitude of visual effects using this quick and intuitive application"
Acme Photo ScreenSaver Maker,Easily Make your own Professional Screensaver in Minutes!
TechnoRiverStudio Professional Edition,"Powerful software that helps you create barcodes and labels by choosing from a wide range of barcodes, and embedding text messages, images, and geometrical objects"
Fly Help,"The application allows you to add image files and text documents, then create Help files, and it can also merge or decompile CHM files"
EA Install,A tool to help you easily and safely transfer MetaTrader data by creating installers which can deploy their content to multiple destinations
gPhotoShow Free,"A simple-to-use program that helps you create screensavers using the images stored in your computer, embed transitions, and add background music"
Ashampoo Cover Studio,"One of the easiest ways to create professional-looking disc labels, covers and booklets, courtesy of a series of included themes and templates"
Fast-Help,"Easily allows you to generate a Windows Help File that produces HtmlHelp (.CHM), WinHelp (.HLP) files and other formats, with various detailed support options"
Juicy Business Cards,"Create your own business cards from a series of different premade templates that can be edited and adjusted, with an image and logo insertion option"
Cover Me,"Design, edit, preview and print covers for CDs, DVDs, tapes or other media using this highly configurable software that offers many useful features"
Inno Setup Compiler,Tool that helps you to create Windows installers in the form of single EXE files to install your program for easy online distribution
Help Generator for VB6,"Design a complete and complex HTML help file using diverse document types and templates, editing tools, and publish in different formats"
COBRA Business Card Designer,Create a professional-looking business card in just a few minutes using the templates available within the app or your own graphic elements
Small web photo album builder,Generate a HTML document containing links to every file inside a folder on your computer by relying on this lightweight application
Fast Help Corporate Edition,Create a thorough help manual compatible with a large variety of formats and using an abundance of customization options with the help of this application
NeoBook Professional Multimedia,"A multimedia authoring application that helps you to create your own publications and tutorials, slideshows, ebooks, presentations, and catalogs"
Disketch DVD and CD Label Maker,"Create professional-looking CD and DVD labels, as well as disc cover images, working in a simple environment that provides templates for your to begin with"
Silent Install Builder,A simple utility that allows you to install a set of programs on multiple computers by generating a silent installer containing various setup packages
Vsaver,Transform your favorite videos and clips into pleasant screensavers for your desktop with this straightforward software solution
Photo Slideshow Maker Professional,"Create detailed slideshows by taking advantage of the multiple effects, themes and objects that can be added, using this reliable application"
IdleTimePro,Display a user-defined web address on your screen each time your computer enters in Idle mode by relying on this lightweight application
ckCover,Create CD covers quickly and with no hassle by adding pictures and texts that scale to the standard size by using this compact tool
Inno Script Studio,This is a comprehensive and effective software solution that comes in handy for users who need to automatically generate scripts and use them with Inno Setup Compiler
MySlideShow Gold,Create the ideal slideshow with various effects and background sounds with the help of this simple and straightforward software application
Minos Album,"Create a neat, animated, 3D photo album from your collection of pictures which you can save locally or publish to your own website with this application"
Advanced ID Creator Personal,Easily create various ID cards and export many integrated templates using this user-friendly software solution with an intuitive GUI
SpringPublisher,Unleash your creativity and use the feature set of this desktop publishing application to create modern-looking business cards and other similar materials
Amaze Multimedia Screen Saver,"Design a personalized screensaver by using different pictures, switch between four individual modes, as well as customize it with popular soundtracks and transition effects"
PicturePlayer,Create slideshows with this intuitive application that allows you to customize the images being displayed and the sounds being played
VideoSaver,"Screensaver that allows you to import various video files, such as AVI, MPEG or WMV, and create playlists which can be exported to PLST file format"
3D Issue Professional,"Digital magazine designer that allows you to convert custom PDFs to desktop, tablet and mobile flipbooks, and gather social content, blogs and news into a centralized hub"
SaverNow,"Take control over your desktop's screensaver, apply password protection, set delay times, map commands to screen corners and mouse buttons, and more"
Beautiful Fractals,An impressive set of fractal images compiled into a nice looking screensaver that was designed for you to enjoy onto your computer
Exe to msi converter Pro,"Convert EXE files to MSI packages using three conversion methods, create the required registry keys and monitor documents during the process"
Lava Leaf,Create setup files by packing selected files in a standalone installer by using this portable software solution with a wizard-like GUI
pmcyg,Assemble a collection of Cygwin packages based on a custom list of package names and download data from a Cygwin mirror site to create a partial mirror of the Cygwin release
KindleGen,A simple utility that will enable you to quickly generate personalized e-books that can be made available for the users of Amazon's Kindle platform
UnderCover10,"Design and print your own covers for your CDs, DVDs, Blu-ray discs in just a few clicks with the help of this intuitive and practical application"
iStonsoft HTML to ePub Converter,"Converts HTML docs to ePub ebooks for various mobile devices, featuring support for batch mode and only standard configuration settings"
InstallAware Virtualization,Deploy applications without installation using virtualization technology and securely execute programs without affecting the host system
Helpinator Lite,Authoring tool that performs help document compilations which can be written in multiple languages and later exported to CHM and HTML file format
SureThing Disc Labeler Deluxe,"A comprehensive and reliable software solution that allows you to label your CDs, tapes or DVD cases and it offers several backgrounds and templates"
Setup Builder,An efficient software solution that provides you with the means to edit and create application installation procedures for all the Windows versions
WinHelp Easy,An easy and intuitive software for creating Help files
Photo Slideshow Maker Platinum,"An intuitive application that helps users create slideshows, and add images, videos, text messages, artclips, as well as background music"
uuSetupMaker,An intuitive and user-friendly application that allows you to create customized installers without needing any specialized PC skills
Photo Flash Maker Free Version,"Freeware for making Flash slideshow with photos, music and Flash template"
AlbumAC,"Gather your collection of pictures, add comments and quickly create a photo album with multiple visualization methods using this straightforward app"
muvee Photo Creations,"A reliable application deigned to help you create photo compilations as picture books, albums, calendars, greeting cards or gallery wraps"
Bluray Cover Printer,A reliable and useful utility worth having when you need to print out replacement Blu-ray and DVD covers by simply choosing the preferred image and printing it
Installer VISE (formely VISE),A comprehensive and reliable software solution that provides you with an easy-to-use graphical interface for building master installation sets
InstantStorm,"Create Flash screensavers from local files using an intuitive wizard, configure installer settings, and customize the screensaver behavior"
QuickHelp,QuickHelp has help authoring and deployment tool
PPTX to Screensaver Converter,"Enables you to quickly convert PowerPoint presentations into Windows compatible screensavers, without using many system resources"
DemoEasel Builder,Create your own step by step interactive tutorial to help others get out of sticky situations with this easy to use software utility
DataCD,Create labels for all your CDs easily
SiteInFile Compiler,Compress HTML pages or entire site with all resources into compact EXE file
Noble Install Builder,"A reliable software utility that can assist you in quickly creating your application's installer, complete with specifications and program associations"
CD & DVD Box Labeler Pro (formely CD Box Labeler Pro),"A simple software utility that allows you to create labels and covers for your favorite CDs, DVDs or Blu-Ray discs with the help of a built-in wizard"
Grid Collage Maker,Design a pretty looking collage to use as support for your presentations with the help of this straightforward software application
VCF To Business Card Converter Software,"A lightweight application that enables you to create BMP image files from virtual business card documents, in order to print them"
Bookbin,"Create eBooks in the blink of an eye by writing down your text and have the book enhanced with images, clips, as well as background music"
Book Writer,"Unleash your imagination upon a virtual sheet of paper to easily create a book with the help of this lightweight, yet powerful application"
EasyAlbum,"A compact piece of software that allows you to create HTML photo galleries, convert images to BMP or JPG file format, as well as compress JPG files"
CD and DVD Jewel Case and Label Creator,"Add-on for Microsoft Word that can help users create CD and DVD jewel case inserts and labels with little effort, offering proper documentation for carrying out the task"
EZSetup,Console-based utility that enables the user to create an installation file for Windows CE devices that can be deployed from a PC
xlExe,Distribute Excel files by using customized installers for more ease-of-use and enhanced configuration of various components and options
AL Pictures Slideshow Studio,Rapidly create slideshows (EXE) and screensavers (SCR) as standalone files
eMagCreator,"Create a visually appealing, fully interactive electronic book out of PDF documents in the blink of an eye with the help of this powerful tool"
AppliCradle,An easy to configure and fully customizable installer that enables developers to deploy their applications to final users without effort
GkSetup,Wrap your newly created application in a pretty looking installer package to create a proper first impression with this software utility
EasyInstaller For VB6 Users,A handy software solution especially tailored for programmers who need to quickly put together installers for the applications they develop
Cover Professional,Create a custom presentation for your products by designing a 3D photo-realistic cover with this lightweight and powerful application
Album Express,A comprehensive and efficient software solution aimed to offer you the means of creating professional-looking photo albums with minimal effort
RedShift Installation System,Create a good first impression by delivering your newly created application in pretty wrapped installer package using this software utility
Collectorz.com Photo Collector,An intuitive image library application that helps you create a digital photo album by cataloging your photo collection in a database
HTA to EXE Converter,"Enables you to convert HTAs to self-running executable files, while also displaying an image before or after playing the resulted item"
PPTX to EXE Converter Enterprise,"Easily convert PowerPoint presentations to EXE files, as well as enable and customize registration options and a play time limit"
Eastsea Flash Screensaver,A lightweight application that allows you to create screensavers from your Flash movies and save them on your computer as SCR or EXE files
Wondershare MePub,"Enables you to build EPUB digital books from other documents (e.g. DOC, HTML, TXT etc.), as well as customize the layout and insert a cover"
CD Cover Plus,"Create CD/DVD labels with the aid of multiple layers, special effects, color filters, editing operations, and drag-and-drop support, and export them to BMP file format"
Page Wonder (formerly Page Wunder),"Create personalized business cards, menus, and flyers, export them to BMP, JPG, GIF, PNG, WMF, EMF, or other image formats, and embed text, shapes, and 3D text effects"
Album Collection,"The perfect tool to help you classify your videos, photographs, images, text files or even applications."
HelpConsole,"An application designed to quickly create customizable templates for help systems, FAQs and websites that runs directly into your browser"
xatshow,"A straightforward program designed to help you build up slideshows and screensavers by inserting images, audio files, and transitions"
HomePrint Labels,Get creative and design the perfect giftcard or label for your products and personalize each one of them using this handy software application
Tarabi html2chm,"Clean program which enables you to convert a simple HTML file or an entire directory to a CHM format, with just a click of the button"
Screen Saver Builder,"Comes bundled with many transition effects and setting to configure, thus enabling you to create screensavers with just a few clicks"
Savage Fly Install Time,Wrap your files in a good looking package for the end user with this efficient application that makes installer creation accessible to anyone
ID Flow Standard,"Print photo id card, name badge, visitor pass, security badge"
Slideshow XL,"Enables you to create slideshow presentations, insert pages with text and manipulate pictures, with support for multiple languages"
Fresh Flash Catalog,"Clean tool which enables you to create digital brochures and books, and save them to the hard drive, with support for 3D page flipping effects"
Free Iron Man 2 Screensaver,"A simple-to-configure screensaver that helps you view images from Iron Man 2 displayed on your desktop, insert background music, as well as apply special effects"
Easy Create Card,"Generate and personalize business cards with the aid of several editing operations, special effects, cliparts, text messages, pictures, and shadows"
Free Business Card Maker,"This simple and intuitive application is meant to help you create your own business cards in just a few quick moves, without any prior knowledge"
Windows Post-Install,Revolutionizing Windows installation
Power Screensaver Builder Professional,Make and distribute your professional screensaver easily and quickly
Install Creator Pro,"With the aid of this application, you will be able to create personalized setups through a step-by-step wizard that guides you through the process"
Install Creator,An easy to use and powerful software installation builder.
MySlideShow Gold,"A rich-featured program that helps you create slideshows using special transition effects and background music, and control the presentations manually or automatically"
Top Screensaver Builder,"Creates customized screensavers in EXE or SCR formats, containing various images and background music, and using an accessible and easy-to-learn GUI"
Top Screen Saver Maker,"Customize your computer desktop when the PC goes idle by creating your own personalized screensaver, complete with music, pictures, videos, and text"
Hofo Album Maker,A simple and easy to use application designed to provide you with a quick means of creating your photo album out of your favorite pictures
SVERDYSH Installer Builder,A user-friendly and reliable software application that can be used by all those who want to create their own custom installer files
Power Screensaver Builder Personal Edition,Design professional screensavers
Camel Disc Catalog,Clear-cut and simple-to-use application which provides a means of cataloguing removable media and directories on your hard drive
Excelsior Installer,"An efficient utility designed to function as a wizard-style installer builder, allowing you to create installation packages for your Windows applications"
BJCustomSoft Installer,"A simple, yet useful application that aims to help you create setup files out of executables, DLLs and other resource files and save the output locally"
InstallAware Studio Admin for MSI,A powerful application that enables you to import and customize MSI Windows installers and remotely build setup programs using a large set of tools
ID Flow Premier,"Complex application that lets you create and design photo ID cards, supports multiple image formats and databases, includes templates and helps you generate multiple types of reports"
Kirk SoftWorks ROES,An photo book or postcard creator designed to facilitate the client access to multiple templates which can be personalized and ordered online
LuJoSoft BoxCover,"Intuitive application that helps you create movie covers, retrieve the cover from IMDb, select the type of frame you want to use and export the photo to JPG or PNG file format"
Jotex,An ebook creator that extracts the information from an Open Office ODT file in order to create an EPUB file that can be published online
Bluebells,A well-crafted screensaver designed to protect your desktop icons while you are away from your desk by displaying a colorful landscape
NSIS Wizzz,"A wizard-like, intuitive program that guides you step-by-step to create and edit NSIS installation scripts and save them to your computer"
Visual Wizard 2 Manager,"Create an installer for your applications by adding files, writing down publisher details and registration info, in a few easy steps"
NeoBookDX,A useful and effective multimedia extension designed to seamlessly integrate within NeoBook and play a variety of audio and video files
Halp for Microsoft Access,A simple and easy to understand help authoring solution that can successfully assist developers in creating tooltips for their Access-based apps
App Starter Creator,"Create starter modules for your programs both on 86- and 64-bit platforms, use relative, absolute and UNC paths, set up a splash screen, and automatically copy the icon and version information from the executable file"
Easy CHM,"Convert HTM, HTML, MHT, Picture and other files to CHM Html help with the aid of this software solution that automatically generates table of contents"
Sencha Cmd,"A development solution that provides programmers with all the tools required to plan, create and deploy Sencha applications to the end user"
Scripter,Build a troubleshooting script by specifying the questions that need to be answered to diagnose a problem and the required actions to solve the problem
Multi Install,An efficient and user-friendly tool that can be a real helper for users who want to quickly install multiple programs from the same menu
Auto DVD Labeler (ADL),A reliable and easy-to-use application that allows you to enter the texts that will be used for the inside part of the CD labels
Star Fax Cover Sheet Creator,A piece of software to assist you in creating good-looking fax cover sheets that can help you and your company look professional
InstallAware Studio for Windows Installer,"Powerful MSI setup creator that comes with support for setup wizards, preset and custom templates, plugins, sample projects, GUI customization options and advanced set of features"
Application Generator,A useful development tool designed to easily create Java applications by guiding you through all the required steps to the program distribution
Pragma Installer,A professional application that provides a convenient method to package software applications with support for license keys and GUID creation
Belltech Business Cards Designer Pro,"Design and generate personal or work-related business cards with minimum effort with the aid of a wide range of backgrounds, images and effects, as well as export them in PDF format"
InstallAnywhere Standard Edition,Create professional multiplatform installers
Visual Labels,Design your own case labels
Wedding Slideshow Studio,Generate wedding slideshows and burn them on DVD discs
Flipdoo Publisher,"Modern-looking software application that enables individuals to easily design, edit and publish Flash magazines with realistic flipping capabilities"
Label Maker Pro,"Design and print address labels, envelopes and more from Excel, Access files"
Albelli Photo Books (formerly albelli Photo Book Creator ),Create your own picture albums quick and easy
EasySetup,Create a setup program for your sfotware
Hotfix Hacker,A GUI for tool for building and customizing Windows Hotfix (update) packages
LightScribe System Software,The required software for using the LightScribe technology on compatible drives
LightScribe Template Labeler,Create a full LightScribe disc label with great ease using a large library of customizable templates that come in various categories
PictureSaver,"A simple-to-use tool that helps you create screensavers, which display a slideshow with custom images, and insert various transitions"
Raku Book,"A software application that enables any type of user to create their very own photo books, so as to remind them of holidays and happy times"
DruckStudio,"Simple-to-use application which enables you to create DVD, CD and Blu-ray disc covers, as well as print them with just a few clicks"
Bytessence InstallMaker,A handy setup file creator
DVD slideshow GUI,An unique software that allows cool slide show creation
Business Card Creator Software,Create and print multiple business cards on a single page with just a few clicks using this intuitive and easy to handle application
Virtual Cover Creator,"Cover creator for e-books, software boxshot, home study couses, Blu-ray and more"
VaySoft Excel to EXE Converter,A practical and useful solution worth having when you need to add copyright protection to your Excel files and convert them to EXE format
SWF To Screensaver Scout,"Generate screensavers using Flash clips, export them to SCR or EXE file format, add information about copyright and publisher, as well as password-protect the files"
Picture2Web,"Enables you to create multiple image web galleries with just a few clicks, as well as convert all pictures to JPG and create backups"
Image Converter .EXE,Fast Image Conversion with Effects Including an Easy to use conversion Wizard
isScript,Can simplify the programming process of writing InnoSetup code
Advanced ID Creator Professional,Create and print professional ID cards and badges with the help of this comprehensive piece of software that has intuitive options
MyPhotoCreations,"A fun and easy method to design just the right photo album, book, calendar, greeting card and more for a large variety of events"
CyberLink MediaShow,An application that provides users with the option to easily preserve their memories and to share them to the people that matter the most to them
Bucherrad,Create EPUB and MOBI ebooks with this tool.
PDF2CHM 2012,Convert PDF to CHM conveniently
SWF to EXE Converter,"Straightforward piece of software that quickly converts SWF files into EXE files in single or batch mode, catering to all user levels"
Msi to Executable converter,"Seamlessly generate executable files from Microsoft Installer packages using this straightforward, intuitive and speedy application"
npArea,Produces skinable image areas in ebooks
npAbac,A complex calculator for NeoBook
InstallWizard,A professional installer creation package
Portable Precision Helper,"Powerful program suitable for advanced developers that allows them to create help projects using editing capabilities for table of contents and index, context-sensitive help editor, visual window designer, and CHM, WebHelp, EPUB and PDF exporting options"
Precision Helper,"Help authoring tool, that works natively with the Microsoft HHP format"
Studio-Scrap,"Create scrapbooks by adding multiple pages and inserting photos, preset objects (e.g. circles, animals, flowers), calendars, and text messages"
Installer Maker,Create installers with an intuitive tool
Help Generator,"Professional application designed to enable you to create help documentation for your applications, it's packed with multiple nice tools that you can check out"
WEB2CHM,"Quickly generates local copies of a website and saves the output in CHM format, while preserving the original structure of the webpage"
Web Album Maker,Add your collection of personal or work photos you want other to see and assemble them in a visually appealing album in the blink of an eye
CraftArtist Compact,"A professional program that helps you design photobooks using a rich set of templates, images, embellishments, backgrounds, frames, materials, letters, layouts, shapes and text messages"
SimpleSetup Builder,"Make setup packages to distribute software programs by adding multiple files, enabling autorun menus, and compressing the .exe installers"
wyBuild,Easily manage versions of your software
OfficePrinter,"An intuitive application that helps you create professional business cards from scratch, while bundling many editing tools, preset templates and the possibility to export the results to BMP format, copy them to the Clipboard or print them"
Easy ScreenSaver Maker,A user-friendly tool that comes packed with basic functions for helping you create screensavers by combining multiple media files
eInstall,A simple tool that will help you make professional installers.
PowerCHM 2012,"Create your CHM file from *.html, *.mht, *.txt, *.doc and *.pdf"
ThunderSetup Professional,A script-based Win32 installation program that includes a redistributable web updating utility
FLIP Flash Album Deluxe,Pack your favorite photos to a real like flipping digital photo album
A-PDF Flash Album Maker,"Assemble different image file formats in a collage you can enhance with an abundance of effects and styles, cliparts and frames, in an intuitive environment"
InstEd,"Compact program that helps you build up and edit MSI files, while offering support for profile validation, summary with info about the installer, and module merging options"
DVD Cover Printer Pro,Print CD audio and DVD covers and labels
B3 Retail Lite,"Retail point of sale software application for managing an inventory system, featuring reports, statistics, stocktake data editing, and more"
CdCoverCreator,"A user-friendly application that enables you to create covers, inlays, labels and even booklets"
Mail Access Monitor for MS Exchange Server,Advanced tool that helps you generate centralized supervision of your company's mail server usage and get detailed statistics and charts by analyzing log files
Install Maker,Create installation packages rapidly by just filling out some simple details requested by this straightforward and portable application
Ghost Installer,"Create installation packages, work with a built-in XML editor, save projects to your computer so you can upload them in the future, and make use of templates"
Mihov NSIS Helper,A program for creating of script files for Nullsoft NSIS
Business Card Designer,An intuitive application that comes packed with many useful features for helping users design business cards quickly and with minimum effort
Smart Install Maker,Save time on software deployment by creating installation packages in minutes
Fly Album,"Create digital photo albums or screen savers with background music, apply transitions and effects, and edit album properties with this app"
WWW Photo Album,help you create photo albums and help you share them with your friends.
Photo Gallery,Seamlessly put together galleries with photos and videos using this intuitive app that lets you resize images and configure video settings
Medley,An audio collection catalogue application that enables you to manage your audio albums better.
Porta,Easily turn photo folders into web albums
ThumbHTML,Generate thumbnails with custom settings from one or more pictures at a time or gather your image library to create a HTML gallery to include in your web pages
FotoMaps,A flash photo gallery that lets you put your photos on a map.
WebAlbum,"Create online photo albums with thumbnail galleries without having to possess HTML or programming skills, choose between several themes, and upload thumbnail galleries via FTP clients"
Shozam Express Edition ( formerly Web Gallery Wizard Pro ),"Software solution that allows you to create web galleries with various image, audio and video files stored on your computer, you can make all sort of adjustments to your files"
AlbumCreator Lite,"Design photo albums, publish the albums via an integrated FTP client, make use of preset themes, and export the albums to HTML file format"
Flash Packager,A tool which can pack Flash files into a single Flash Player file
Baby Days and Toddler Tales,"Comprise details about your child's growth from conception through early years in a single environment, keep a diary, create a family tree, add images, and print the information"
Digital Photos Screensaver Maker (formerly Photo SlideShow Maker),Turn digital photos into your own SlideShow with music and transition effects!
Little Install Builder,Wrap the files of your new program in a simple installer package in a few easy steps with the help of this lightweight application
WinAIO Maker Professional,The all in one Windows setup solution that enables you to manage contents inside WIM images and generate bootable USB drives and images
Screentime for Flash,Convert SWF files to reliable screensavers
Oracle Database Documentation,A complete tool for building Oracle database documents
CompHelpGen,A basic component help file generator.
SnapInstall,"Create tutorials on the go by grabbing pictures of the entire screen, active window, or custom region, and having them bundled into a DOC, or PDF documentation file"
Easy Card Creator Free,"Put your creativity to work and design ID and business cards, badges, and labels with the help of this approachable piece of software"
Any Logo Screensaver Creator,"Create custom and branded self-contained logo screensavers, with self-installer"
Install Maker,A simple application for building installers
Sophie Author,"Create books by including a lot more than just text to enhance the experience with pictures, music, clips, and different types of documents"
Sophie,"Redefines the notion of a book to include rich media content, reader feedback and conversation within a networked environment, and allows exporting data to HTML or PDF file format"
Kootool Rapid CHM Maker,Seamlessly create HTML help files (CHM format) from Microsoft Word documents using this speedy and straightforward app with basic options
ASC,"Create custom builds for the Avira antivirus, include in your setup the latest file definitions, generate a Start menu folder and desktop icon, and pick the preferred language"
GUI4Wix,A simple utility for creating simple MSI installation files using Wix.
ZIP 2 Secure EXE,"Comes packed with several useful settings for creating self-extracting EXE files from ZIP archives, with support for password protection"
InnoIDE,A handy utility that was created in order to provide you with a means of generating application installation files with minimal efforts
Ace Pro Screensaver Creator,Create a professional screensaver with this fully customizable screensaver creator
Flash Demo Builder,"A powerful set of utilities that can help you design neat presentations, tutorials, animations or even a custom quiz and export to various formats"
Simple Packager,"Packaging installation tool that allows users to create personalized setups for different applications, while guiding users on how to do it quickly and efficiently"
Book Maker,"Straightforward application that enables you to convert PDF documents to PS format, with support for a few configuration parameters"
CyberInstaller Suite,"Securely create installation packages for your software, customize every aspect of the installer, check it for errors, attach various references, and more"
WixBuilder,An application for creating simple MSI packages
MobiDB,Make a mobile Java application with your content
Kirin,An application to create MSI based Windows Installers
Exe to Msi Converter free,"Straightforward tool that quickly converts setup kits, from executable files (EXE) to Windows Installer Packages (MSI), with light options"
Axialis ScreenSaver Producer,"A powerful program that helps you design sprite, slideshow, Flash, video, or FLI/FLC screensavers, which can exported to SCR file format or packed into executable files"
TyphoonInstaller,Full featured software installation system for developers
Omasoft,"Software solution that allows you to create multiple photo books on your computer, you can design a recipes book, one with your wedding photos, pictures of your family or vacation"
Windows HLP To RTF,Designed to convert Microsoft Windows Help (*.HLP) to RTF
WixEdit,Make a good firs impression by creating a powerful and comprehensive installer for your application with this tool that edits and creates MSI files
True BoxShot,"Create box shots, CD and DVD cases, member cards and book covers with the help of this modern-looking and simple-to-use application"
Sectional Sofas,A sectional sofa dedicated theme.
PhotosArtist,"Free-to-print album, scrapbook and photomontage"
RS Windows XP Install CD Creator,Create a fully up to date installation CD for Windows XP with the possibility to include service packs and drivers with this powerful application
PPTX to EXE Converter,Easy-to-use application which enables you to convert one or multiple PowerPoint presentations to EXE files and burn them onto VCDs or DVDs
NorthBright CHM Tool,"Decompile CHM files or extract specific pages to HTML, MHT or TXT format using this simple tool with support for large-sized CHMs"
HelpBuilder,A utility that creates help files.
P&P Designer,"Create printable image albums and calendars using custom photos, different page backgrounds and layouts, picture borders, image shapes, and clipart items"
ServiceMill Exe Builder,Convert any application to a native Service (.exe file)
Gallerinator,"Generate galleries as HTML projects using pictures of various formats, with edit options for both pictures and the gallery layout"
eBookSnap,A completely new eBook software and smart eBook rights management system.
You Select It,The first automated template software
CyberLink LabelPrint,"An easy-to-use, fun application that provides users with the possibility to create and print stylish disc labels and jewel-case cover sheets"
HTABOX Quick,"Simple program that helps you convert HTML applications to EXE file format, while allowing you to conceal the script and source code"
Tarma ExpertInstall,Simple and repeatable build process checks and builds your installer in seconds
GUSC,"Bundle your project files inside self-extracting installers which can be of multiple modes, define parameters, and more within a wizard-driven process"
InAlbum,"Create and share your photo album with videos, animations, sounds, and music in a convenient manner by turning to this comprehensive software solution"
Pictures Slideshow Maker,"A fully-featured and straightforward software utility that helps you create 2D or 3D screensavers, picture slideshows and video files"
PackageForge,A graphical installation and packaging tool for Symbian OS
Fusion-ware.com Screensaver,"Fusion-ware.com - MSN, Yahoo and Google website ranking, software submission service, google website ranking"
Stardust Setup Packager,Package multiple setup programs into a single self-extracting executable
Inno Helper,"Create scripts for the Inno Setup compiler via a user-friendly interface, where you can set the files and registry entries to include, Windows requirements, and other details"
WebExe,"Convert HTML pages into self-extracting executable files, customize HTML elements, set feature restrictions, apply password protection, and more"
Amara Slideshow Builder,Effortlessly create animated slideshows based on otherwise plan images by resorting to this approachable lightweight piece of software
imgSeek,"Photo collection manager and viewer with content-based search, featuring applicable restrictions to directory scanning, groups, IPTC and EXIF metadata extraction, and more"
Scratch and Win Software Maker,"A simple-to-use program that helps you design scratch off cards and personalize them according to your preferences by uploading images (JPG, GIF, PNG) and adding sounds (WAV or MP3)"
LightScribe Simple Labeler,"Straightforward tool which enables you to design and burn LightScribe discs with just a few clicks, provided you have a dedicated drive"
Slideroll Gallery AV,Use your favorite videos and photos to create attractive slideshows then publish them
Easy Setup Creator,Build customized NSIS installation packages for your programs with options to set visual design and files to bundle in the package with this application
AVS Cover Editor,A compact and fully functional application that lets the user create different labels for optical discs
Any Flash Screensaver Maker,"Create your own customized screen savers in SCR or EXE format, containing your favorite music and text with this easy-to-use application"
JHelp,Java Help Content Package
execJ,Create Windows Executables (exe) and Windows Services for Java Applications
Adobe Creative Suite Deployment Toolkit,Creative Suite Enterprise deployment tool
ABC Amber CHM Converter,Batch CHM decompiler which converts CHM files to any document format you wish
Innesoft BoxMagic,CD / DVD virtual box cover designer
Setup Workshop,A fast and reliable installer creator
SetupDev,"Create setup packages without writing a single line of code by simply adding required files, additional registry entries, and general parameters"
Privacy Photo Album,"Make sure only you have access to your collection of pictures by creating password-protected albums, with options to shred original files, and build a slideshow"
Multi-Screensaver,"Manage multiple screensavers, run them after a user-defined period of inactivity, and change the screensaver once a day or at a custom number of minutes"
SIBuilder,Small Installation program Builder
Droppix Label Maker,"Design CD covers by adding multiple graphical elements, such as texts, images, clip art pictures and various predefined photo backgrounds, using this application"
X Comment Creator,Create help pages with this software.
AdigitalBook,A Digital Album Creation software for amateur photographers
Nvn Installer,"Deliver your projects through a powerful setup package which can contain info you provide, files, custom file associations, registry tweaks, and a pleasant style"
ctInstaller Suite,A setup creator for you to use.
Web ScreenSaver Builder,"Customize your screen saver with favorite images, popular web sites and music files of your choosing with this intuitive application"
SunRav BookOffice,"A suite of two individual tools connected to one another to provide a complete method to compose documents, guides or books, and customize them with images, tables, and hyperlinks"
web2help,CHM authoring tool
Raku PhotoBook,Web PhotoBook Creator
dvdCover,Prepare BMP and JPEG images for CD or DVD covers using this simple and portable app that can automatically resize and crop the photos
Setup2GO,"An intuitive application that helps users create 32-bit Windows packages, and can be configured by all types of users, regardless of their experience level"
Installer2Go,Installer2Go - Interactive utility for creating reliable Windows Installer packages
Nvn Installer Lite,Easily create professional installation packages.
Zune eBook Creator,"Convert text-based documents to image formats to easily use and read them on digital book readers, as well as set the correct properties to get the best outputs"
My Photo Books,Simple yet powerful photobook creation software
GlassWorks,"Generate installers with this easy-to-use application, featuring support for most operating systems, as well as clearing temporary files"
CDX,"Simple-to-use application that lets you create and print covers, with support for multiple image adjustments and effects (e.g. brightness, black and white)"
Ghost Installer Studio,A complete tool for XML based installations
CustomEffects Installer,Unpacks the contents of PolyCE files and installs the CustomEffects for Adobe After Effects
NFS Clock09,A new screensaver showing time.
DDay.Update,Add automatic update capabilities to your application with this tool.
Flame,"Software solution for quickly and easily creating Windows installers (.msi files) using WIX, it comes with lots of nice features and tools that you can check out"
PackJacket,"Create installers for your software application, customize panels, sizes, colors and images, include multiple languages, and more"
Flexible Album Studio,"Create a simple HTML web gallery with several style options, impressive picture file support, and quick processing in a straightforward, intuitive operation"
Disk Label Designer,Design your disk label with easy.
MemoriesOnTV,An application that creates the most visually elegant slideshow on TV.
3D Virtual Box Creator,"Design cool presentations for video games, or software products by customizing different types of 3D boxes and casings with your own product pictures"
Wallperizer,"Automatically change your desktop wallpaper at a certain time interval, display images in a random order, and show a customizable calendar over the wallpaper"
MakeInstall,Make an INSTALL.EXE for your Java Program
Click! Recorder,A tool designed to create step-by-step helps and manuals
ISTool,Create customized scripts in a visual environment for the popular Inno Setup compiler using a comprehensive interface packed with tools
123 Flash ScreenSaver Maker,Tool that creates a custom corporate screensaver
Visual Testmaker,Creates tests quickly and easily
FlashForge,This application converts your Macromedia Flash files into a screensaver plus an installer
exPressit SE,"A user-friendly labeling software that can help you design Pressit labels, customize and print them, as well as preview the result"
HelpMaster,"Generate detailed help files with this comprehensive application, based on the JavaHelp component and featuring a built-in file manager for easy editing"
chm2web Pro,convert HTML Help (*.chm) files for web publishing
AVI-MPG-WMV Screensaver,"View your own MPEG, AVI, or WMV videos as a screensaver"
GalleryManager,Easy to use solution for creating your own flash homepage.
HelpMaker,An application to create and modify help files (.HLP)
FLIP Flash Album Free,FLIP Flash Album Free - pack your favorite photos to a creative and real like flipping digital photo album
Picture and Sound Show,"Create screensavers and export them to SCR file format, include custom images and songs, apply transition effects, and embed picture captions"
My Photo Calendars & Cards,"Design beautiful calendars for the whole year or greeting cards using numerous pictures and personalized text, as well as export them to PDF and JPEG to be printed out"
Dg Foto Art Gold,A Fast & Easy Digital Album Creation Tool
ValidInstaller,This is an easy-to-use Setup Creator for Windows Software
Lagoon Flash Photo Gallery,"Software solution that allows you to create various photo galleries for your website, it comes with multiple tools and features that you could use"
Spoon Installer,Create installers with this tool.
Click'n View,"Browse favorite photos and make personalized albums with them, apply corrections and enhancements to each item, as well as create animated GIFs, Flash and AVI clips using various pictures"
XML Photo Album,Create digital photo albums with the help of this software.
Razzak compressed HTML file maker and viewer,This is a cross-platform help and documentation authoring from html pages
Kronen-Design,"Allows you to create for simply and professional manufacturing of CD/DVD labels, Booklets, depositors"
DiscWrapper,An easy to use CD cover designer
wyUpdate,"Easy to use, drag & drop Designer"
Make Help,Make RTF Files to compile with the Windows Help Compiler
War Setup,Straightforward tool that helps you build up MSI packages by adding directories recursively to the list and creating a normal or full installation mode
Easy Media Cover,This application will let you print professional looking DVDCDVHS Covers & Labels in seconds
DVD-Cover Printmaster,With this application you can easily create and print great looking covers for any cases
Witem Installer for Java,A professional and easy-to-use tool which allows you to create reliable setup packages for Java applications for deployment on Windows platform.
TGPSoft,A handy software that allows webmasters to create thumbnail galleries
NvinInstaller,Bundle your projects in an easy to use installer to create a proper first impression to end users with the help of this lightweight set of tools
Flash Screensaver Maker Simple Version,"Create Windows screensavers (SCR file format) or custom installers (EXE) from SWF files, customize the EXE installers, and set screensaver properties (e.g. wake up on left- or right-clicks)"
Fortop Album Creator,"Create personalized photo albums with background music, special transitions, photo comments, and templates, as well as export the slideshows to SWF or EXE file format"
Train Screen Saver,A train screen saver for those who find old locomotives interesting.
FoxArc Screen Saver Builder,"Quickly build screensaver slideshows out of multiple pictures, with options to specify a custom name, and set duration of slides in seconds"
HelpStudio,"The fastest, easiest way to create and publish help systems"
Just Wallpaper,"Set the wallpaper to change automatically at regular intervals, as well as add notes and calendar layers to the desktop background image"
Thumb Buddy,Create stylish photo albums of all your precious digital pictures in a snap
Tuulimaa,"To match your tastes and to be in harmony with your photos, you can select colors and fonts for the whole web site."
ExeShow,Create a slideshow using your own photos and images.
FAQ Builder,"Create FAQ questions and answers for your personal websites, save them as HTML files, and upload them via FTP using this simple app"
Animated Screen,"Design beautiful screensavers in both SCR and EXE formats by adding images, text, shapes, 3D objects and transition effects with this small app"
Adobe AIR in eLearning,An Adobe AIR application that received a Brandon Hall award under the category of Best Innovation in Learning Technology
Photo! Web Album,The only photo album generator that lets you view the result immediately in real time.
Photo! 3D Album,"A 3D gallery application with numerous templates, which allows you to easily edit, store and share your personalized virtual album"
AAA Web Album,"Software solution that allows you to create web albums from your digital photos, you can batch process multiple images, make some adjustments to them and upload the album to the Internet"
Flash2X Wallpaper Maker,This application will help you create flash wallpapers.
AJ Screensaver Maker Pro,A tool that help you make your own screensavers
eStoryMaker,"Bundle pictures, text, and audio files together to create an interactive slideshow for stories, and presentations you can take with you, and run from a thumb drive"
ScreenSaver Works,Create simple slideshow screensavers out of pictures that change on custom time interval and sequence with this lightweight application
DIPasDoc,Generates HTML documentation from comments in Pascal unit source code files
Flash ScreenSaver Builder,"This software creates screensavers with flash, images and text"
Power Card Maker,The best tool to make business cards or other cards
Super CD Cover Maker,A software that helps you in the process of printing CD Covers.
Video Screensaver Maker,Straightforward and simple-to-handle application which enables you to create your own screensavers by merging video files together
Free Photo Slideshow Screensaver,Slide your pictures on your screen with our freeware screensaver
Business Card Studio,"A handy and reliable business card software utility that allows you to create, design and print your own templates using the built-in powerful graphics engine"
SkyAlbum Photo Gallery Builder,An easy to use Flash photo gallery creating tool.
Photo Album Helper,"Transfer file to a new location while also renaming them, change size and quality specifications, or upload to a new album on your FTP server"
V-Setup,Extremely easy to use tool for developers to quickly build and deploy your softs
Yeardisk Creator Suite,"Create unique and beautiful yearbooks for the entire class or for teachers, which can contain group images, documents, Flash animations, audio and video files or slideshows"
Aurora ScreenSaver,View the unique Aurora Borealis on your PC's desktop
AWinstall,Professional installation development system for creating small setups
Flash Media Show Standard,Professional multi-media materials presentation and management solution
CHM IFilter,This filter lets you index and search content of CHM files
Auto Installer,A useful application that installs all the files you put in its directory after you edit a simple TXT file
PixExpose,Easily create and publish eye catching picture galleries on the Internet.
Photo Packager,"Convert a large variety of image formats, such as JPG, BMP, and PNG to HTML photo albums, and choose one of the many available picture effects"
PaperBox,"Specify the name, record date, type and contents of the disk and it will automatically create a cover of any appearance you wish"
Screen Savers To Go,"A program that generates stand-alone screen savers with your images, sounds and creativity built in."
Quick Album,Makes managing digital pictures an easy task for both beginners and experts.
Microsoft Windows Installer,An application installation and configuration service that makes it possible for software developers to create setup packages for streamlined application deployment
Tiger PDF Creator,Enhance the profit of your company by creating and selling professional ebooks and reports.
Pocket PC Installation Creator,Simplifies the creation of installation for Pocket PC Devices
Easy Cover Design Pro,Create custom CD and DVD labels and covers with this application
RCF DropDown Installer,This software was created to offer you the possbility to build installers exactly the way you need them to be.
DVD Album Creator,"Software solution that allows you to create a DVD photo slideshow album with subtitles, pan and zoom and chapter menu, it comes with a built-in burner and it allows you to add effects"
DirSaver,An easy-to-use wizard interface that will allow the user to create a Flash screensaver in minutes
PPSee,Album creator and image viewer
Digital Photos Screensaver Maker,Use this program for creating business presentations of products and services or presentations of educational materials.
Antechinus eBook Wizard,Compile your highly-compressed eBooks easily and in no time
Photo! Web Album (formerly Web Photo Album),"Software solution that helps you create photo galleries that you can share online, it comes with multiple gallery styles and the option to add as many images as you want"
Take Covers,A CD and DVD cover making software with user-friendly interface
SDR 3D Box Shot,A handy software that will guide you into creating original and attractive covers for various purposes!
Desktop Authority MSI Studio,A fully-featured MSI packaging solution for creating and editing MSI files.
fpHelp Builder,A very simple and powerful Microsoft FrontPage add-in that allows the conversion of a web site to a Microsoft HTML Help file.
RSlideShow,"Create and save slideshows with photos, videos and music, display file names, set transitions and delay times, and create picture thumbnails"
CC checker,"A small software application with limited features, that verifies the validity of your credit card numbers in just a matter of clicks"
Mep Installer,"Compact program that helps you generate installation packages using a wizard-like approach, while offering support for normal, silent or hidden installation, multilingual options, and password-protected mode"
Setup Studio,"Create a CD, DVD or ISO file that automatically deploys Windows XP or Vista along with all drivers and applications you need to work with"
IssProc,Files In Use functionality for Inno Setup
DM README Creator,"An easy to use application designed to quickly create ReadMe files, preview TXT, HTML or NFO files, and also you can export the project to HTML or TXT"
Push Installer,A small application that utilizes the flexibility of Group Policy Objects to deploy any Windows executable program
HM NIS EDIT,"Easily create scripts for the NSIS tool in an intuitive environment supporting multiple simultaneous projects, different format options, visual designer and more"
MACCC,"Create printable CD covers (also called cd inserts) for MP3 CDs (front and back for fullsize cases, front only for slimline)"
Orca,Create and edit Windows Installer databases with the help of a powerful tool that displays all variables in an organized table for which you can set read-only privileges
SplitGiant,SplitGiant offers you the opportunity to enjoy up to four of your favorite screensavers at the same time
Cheetah,"Easily create documentation files with customizable text, option to insert pictures, links to apps, and websites, to include in your applications"
CD Install,CD Install powers any CD by providing it with a handy tool that facilitates navigation and familiarization to the products on CD
iWebAlbum,"Create web image albums that can be opened with various web browsers (e.g. Firefox, Opera), choose your preferred layout, and adjust the size of the photos"
Easy Screensaver Standard,Easy Screensaver Standard is the fastest and easiest way to produce share screen saver and resell it
Clickable Card,"Create online business cards by providing information about your company, customizing the text, embedding images, and aligning objects"
EZSfx,"EZSfx is a self extracting archive builder designed with ease of use in mind, while still maintaining functionality."
SFX Generator,The GkWare SFX Generator will help you create self-extracting files in seconds.
TweakFS Open Installer,"TweakFS Open Installer - run and create open, Zip-based installations"
1st Screensaver Photo Studio Professional,"1st Screensaver Photo Studio Professional creates beautiful screensaver with your pictures, photos, music."
IssSurvey,With Uninstall Survey (IssSurvey.dll extension) for Inno Setup you can get users feedback / comments / uninstall reasons
Slide Screensaver,With Slide Screensaver you will be able to display images in either random or alphabetical order
PDF Conversion Series - PDF2Htm,PDF Conversion Series - PDF2Htm can help you to convert PDF file to HTML.
JSmooth,A comprehensible and efficient software application designed to help you easily generate a Windows executable from a Java application
PDF Conversion Series - PDF2Word,PDF2Word can help you to convert pdf to word documents
Arlington HTML2EXE Wizard,HTML2exe is the fastest way to produce an e-book or catalog.
Install Builder,Install Builder is a free standalone application that allows novice users to create setup cabinet for Pocket PC and Smart Phone
Apollo CD & DVD Label Maker,An application designed to help you create CD and DVD labels by applying several editing tools and choosing from different preset layouts
IntuInstaller,IntuInstaller is a software that will allow you to share your software in a single compact package and install it on other PCs
Ulove Photo Slideshow Maker,Ulove Photo Slideshow Maker was designed to be a tool that wil create slideshows
Roxio MediaTicker,"Browse through your image folders using a tray at the bottom of the screen, adjust settings and change the way you view pictures on your computer"
Ace ScreenSaver,Ace Screensaver is a software that provides you an easy way to create and configure photo screensavers the way you like.
Help Creator,"Create help manuals by inserting text messages, links, and images, and export the generated project to HTML, RTF, or plain text file"
CF Screensaver Editor,CF Screensaver Editor allows you to create your own designed screensavers.
PajerPhoto Album 3D,"Software solution that helps you create albums of up to 4,000 pictures and view them while music is playing in the background of each image"
Instyler Ex-it!,Instyler Ex-it! is an user-definable self-extractor with (un)install support and suitable dialogs
Install Wizard Creator,An intuitive and portable application that comes packed with limited features for helping users build EXE installation packages with minimum effort
Easy CD & DVD Cover Creator,Create CD covers and DVD covers for your discs.
PhotoCafe,"Create neat slideshows for presentations, kiosks, or large displays, with options to grab images from offline and online locations, and set up an abundance of parameters"
SpeechTags,Manage and rename images or entire albums via voice commands
Setup Maker,"Java setup creator that offers support for custom images, license agreement information, components included in the installation, help manual, splash screen, and registry keys"
MB Screen Saver Control,"Manage all installed screensavers directly from the tray area, with an additional quick preview feature to access settings, apply, or run them"
HTML Help Workshop,"Software that consists of an online Help Viewer, related help components and help authoring tools to be used by developers within their projects"
Helpmatic Pro,helpMATIC Pro is an application that lets you create professional looking help files quickly and easily.
Helpmatic Pro HTML,Helpmatic Pro HTML was designed to be a powerful yet very easy to use application for developing HTML Help files
Stardust Screen Saver Toolkit,Stardust Screen Saver Toolkit - The most powerful and easy to use screen saver authoring tool
EBook Maestro STANDARD,"Compile and generate executable ebooks with digital information, which include a simple or more complex table of contents that can be personalized with different elements"
EBook Maestro FREE,"Compile stand-alone executable non-commercial eBooks from HTML files, or edit current EBM files, with this intuitive and highly customizable application"
EBook Maestro PRO,A versatile universal compiler for digital information products
ISPWizard,Internet Setup Program Wizard is an advanced application that helps you create Internet setup programs
InterCover,InterCover - Create and print CD covers
Word2Help,This utility is a publisher from Microsoft Word to Macromedia Dreamweaver
Flash SlideShow Engine,Flash SlideShow Engine is a powerful component to create Flash animation
AMF CD and DVD Jewel Case and Label Maker,"Easily Create Full-Color, CD, DVD Jewel Cases and Labels"
Label Xpress,"Create cool labels for your CDs and DVDs including their cases by setting up backgrounds, adding extra images, as well as text boxes for custom info"
Zass4u,Zass4u - Create your own screensaver
TimeUntil ScreenSaver Maker Professional,Create and distribute digital clocks and screensavers with countdown
Book Catalog,Book Catalog - will help you organize your book collection
Screen Saver Override,"Set idle time for screensaver to kick in, have transparency applied, set a custom hotkey for manual activation, and more to enhance screensaver management"
Advanced CD catalog,An application that helps you to create a catalog of your disk collection
Screensavers-Source Free Screensaver,"This wonderful screensaver features different scenes from many areas of human life and activity, including science etc"
eCover,Create your custom front and back cases for your collection of DVDs or CDs using this simple and straightforward software solution
RandomSaver,Randomly displays your screen savers
MuralPix,MuralPix Wallpaper Changer is a program which automatically creates Windows wallpapers
SF CD-Cover,SF CD-Cover offers you a full range of pre-set styles as well as the possibility of creating your own layouts for CD Covers
ISSI,Inno Setup Script Includes - Contains script includes for Inno Setup
VV Install Maker,VV Install Maker is a software used to make setup and installation programs
RoleHelp,"Compose, organize and manage multi-chaptered help books, guides or HTML compilations that contain all the necessary information on how to use a program, and build them in various supported formats, like HTML, Microsoft Word, PDF or RTF"
DVD Cover Plus,DVD Cover Plus - design your own DVD covers
MetaInstaller,MetaInstaller allows you to easily package your software and build installations for Windows
pixelCAT,"A software database tool that allows you to organize, categorize, search and display digital images"
Install Wizard,Mediathek is THE ultimate Personal Information & Inventory Manager
EBook Maker,Ebook Maker was created to help you build your Electronic Books
Create Your Business Cards,"An application designed to create and customize business cards, with a variety of templates included along with the necessary tools to edit them"
Abee Chm eBook Creator,Create eBooks in the CHM format
ComponentOne Doc-to-Help Enterprise 2006,Doc-To-Help is a single-source Help authoring tool that empowers authors to create HTML or MS Word content an convert to Help
.INF File Generator Gold,.INF File Generator Gold generates .inf setup files. It has many advantages over .INF File Generator
.INF File Generator,A simple and small package ready to assist Visual Basic developers in generating INF files during the setup operation of their programs
CoolLabel,"A lightweight cover editor built specifically for helping you create Floppy, JAZ, MP3, ZIP, MP3 and VHS labels, while offering support for a preset list of templates and editing capabilities"
Chaotic Chance Screensaver Manager,Chaotic Chance will allow you to manage the screensavers that are currently installed on your computer
3DScreen Builder Screensaver Maker,3DScreen Builder is a unique screensaver creation program
INF-Tool Lite,Create smaller setups for your programs / updates / demos!
InstallStation,"InstallStation is a fast, easy and free way to create standard Windows installations for your applications"
3DScreen Builder,3DScreen Builder - A program for creating screensavers
Little Setup Builder,Little Setup Builder is a free tool for the creation of simplified install programs
MA3D,Ma3D is .NET application written to allow the MP3 collector to download and view album cover art
Max Album Creator,"Software solution that allows you to create video CDs using images from your computer, you can create various albums and use background images or descriptions"
MacInstallerBuilder,MacInstallerBuilder is a solution for hard copy and online software distribution
Wallpaper Sequencer Standard,Wallpaper Sequencer is a state-of-the-art wallpaper manager
Label Maker Wizard,"Label Maker Wizard can help you design and print CD and DVD labels, jewel case inserts and covers"
Smart Screensaver Stopper,Smart Screensaver Stopper is a free system tray applet which will prevent the screensaver from launching
Bindweed Screensaver Manager,Innovative screensaver manager and randomizer
3D Custom Screensaver,3D Custom Screensaver is an application that helps you create and share your own unique 3D screensaver
SSThingy,Program developed to be a powerful and easy to use screen saver manager
Installer Design Studio,Installer Design Studio - Reduce the cost of application ownership and software distribution
EBook Builder,"Create e-books in a quick and simple manner by using this lightweight application that features a user-friendly, minimalistic interface"
htm2chm,"An easy-to-use CHM authoring tool for compiling CHM and ITS files, generating TOC and Index files, extracting CHM/ITS resources, and more"
EasyHelp,EasyHelp is a development utility that can be used to create Windows Help files
Photo DVD Wizard,Make interesting slideshows of your photos
InstallAware Setup Squeezer for InstallShield,Automatically Squeeze Your InstallShield Setups Between 15%-50%
YcySoft Flash ScreenSaver Maker,You can create fine screen savers using Macromedia Shockwave Flash
YcySoft ScreenSaver Producer,Create many different types of screen savers and install program
Amazon Cover Downloader,A free application for downloading CD and DVD covers from the Amazon product catalog
Liquid Screen Saver Maker,Liquid Screen Saver Maker is a useful and powerful program that allows you to make your own slideshow screen saver
Visual Cover ++,Visual Cover will help you take CD and DVD cover printing to a new level
Web Album Generator,"Software solution that allows you to publish your digital photographs on the Internet, you can create and customize thumbnails and it allows you to resize photos"
ScreensaverLand,ScreensaverLand is a powerful screensaver manager
ZipInstaller,The ZipInstaller utility installs and uninstalls programs and utilities that do not provide an internal installation application
MP3 CatalogMaker Pro,Organize your existing mp3 files
Flash Saver Maker,Flash Saver Maker - allows you to make flash screensaver from your favorite Macromedia Flash movies
Softany Txt2Htm2Chm,"Convert Text to many HTML formats. (HTML help, Web help, ebook, FAQ, SingleHTML)"
FlashPhotoShow,Create amazing video-like slideshows
Nifty Photo Publisher,Nifty Photo Publisher is a small program to create picture galleries instantly
QuickInstall,QuickInstall is a powerful installation creator for your applications
SFX Tool,"Simple-to-use application that comes packed with advanced options for quickly creating software setup kits, using low system resources"
Flasher,Flasher - Create a screensaver from a SWF Flash Animation is easy
DVD Labeler,Automatically capture DVD thumbnails and create customized DVD scene-indexing labels
Akti Album,Create multimedia albums
DocGuru Professional,DocGuru is a professional PHP documentation tool for Windows platform
PSPCoverz,PSPCoverz is designed to make it easy to design your own 'skins' for your PlayGearPocket case from Logitech
myAlbum2,"Create multiple albums to store all your pictures, assign a preferred editor to access at the press of a button, and bundle them in a portable file to share with friends, or family"
Amazon Cover Search,"Find and save any type of covers (CD, DVD, Video, Book) from Amazon"
Setup Editor,Setup creates very small Windows installations quickly and easily without all the overhead of the big tools
SuperCool Photo Album,"Create, organize, browse, and edit image and video album"
HTML Book Maker,Create main covers for numerous books and edit existing homepages with custom header text and colors in a quick and uncomplicated manner
Shalom Help Maker,"An easy-to-understand application that can assist you in writing and editing Windows help files, useful for beginners as well as experts"
Country Rain Screensaver,Rain falls gently over six beautiful cottage paintings as music plays.
Click'n Design 3D,Create professional-looking CD/DVD labels and jewel case inserts by using this straightforward and user-friendly software solution
Absolute ScreenSaver Changer,Run screensavers in a slideshow and easily manage them all from one place.
Flash Sound Buttons,Flash Sound Buttons allows You make audio buttons using microphone or MP3 files
Places I'd Rather Be Screensaver,Places I'd Rather Be Screensaver lets you create a custom travel slide-show.
Microsoft HTML Slideshow Wizard,Creates a slide show of your digital pictures
ExpressAlbum,"Software solution that allows you to create digital albums using multiple pictures from your computer, it lets you upload albums to the Internet or burn them to a CD"
Net Album Generator,"Bundle your picture collection into an album you can include in your web projects, with different preset templates, and various customization options"
Flash .SCR Master,Flash ScreenSaver Master - Desktop ScreenSaver - SWF to ScreenSaver Media Tool
TinyStone Web Album,"Software solution that helps you create professional looking web galleries, based on graphics themes from all photos you took with your digital camera and share them over the Internet"
XILG - The XML Image List Generator,Automate the process of building simple thumbnail web pages
Label Builder,"Create almost any type of label, envelope, and badge easily."
FLASH-Album Author,Simulates realistic digital photo album with high impressive layouts
Screen Saver Builder,Screen Saver Builder - create your own multimedia screensavers for fun and profit
SbookBuilder 10,"An intuitive and fairly dependable application that helps you create executable Ebooks in a couple of seconds, by selecting the desired texts"
Shockwave Flash Screensaver Maker,Create Shockwave Flash Screensavers. Includes pre-built screensavers.
cdrLabel,"Easy-to-use tool for creating and printing labels for your CDR, CDRW, and CD-ROM disks, with DVD support, in order to personalize your music or movie collection"
CD Case Maker,Make Colorful listings for your Cd's made with Roxio Easy CD Creator 5.xx
coverXP Pro,Software that helps to print cd/dvd labels and covers
SetupStream,"Create small, yet powerful and feature-rich Setup Wizards in just a few moves using this user-friendly and straightforward application"
Business Card Printery,A nifty solution for creating great looking business cards by starting from a preset that can be customized to fit the needs of the user