Droid Transfer,Conveniently move MMS and SMS messages along with their attachments to your computer in various formats using this simple and straightforward tool
Vysor,"Displays your Android phone in a window on your computer, allowing you to type messages easier and control the handset remotely from any PC"
HandShaker,"Seamlessly transfer files from Android or iOS devices to your computer using this free application that detects photos, music, videos, downloads and other files"
AkrutoSync,A handy and easy-to-use software utility that allows you to synchronize Outlook data with Android or Windows phones using SSL-encrypted connections
ScanTransfer,Send files from your phone to your PC wirelessly with the help of this nifty application that only requires that you scan a QR code
SynciOS Data Transfer,"Transfer contacts, messages, calendar entries or multimedia items directly from one phone to another or backup phone data to the computer"
BlueStacks App Player,"Run Android on Windows using this intuitive app, in order to play games and launch apps just like you would on your smartphone or tablet"
NoxPlayer,Enjoy a full-featured Android environment on your computer's desktop and install applications and play games in it with this powerful emulator
Wondershare MobileTrans,"An elegant and powerful application that helps you transfer information between phones with different operating systems, such as iOS, Android and Symbian"
Wondershare TunesGo,"Manage your multimedia library in a quick, intuitive manner and transfer data between multiple devices by turning to this handy application"
AnyTrans for Android,"Manage your contacts, photos, music, and apps on your Android device and transfer them to a new phone or your computer with the help of this program"
Windows Device Recovery Tool,"Restore your smartphone's OS to a previous version if any errors or crashes were encountered when you upgraded it to Windows 8, 8.1 or 10"
FonePaw Mobile Transfer,"Quickly transfer media files, photos and contacts from one Android to iOS devices and vice versa using this intuitive application"
MobileSync Station,Transfer files and exchange texts between your PC and Android devices over the Wi-Fi or via cable with the help of this useful tool
Bitwar for Android,"Recover inaccessible contacts, photos, messages, and more with the help of this application that should handle any Android device"
Kingo ROOT,A straightforward application that provides a one-click method to root Android devices in order to enable full capacity for smartphones
MoboPlay,"Manage your Android or iOS devices from your computer by accessing the SMS section, backup their data, organize media files and uninstall applications"
Phone Copier Express,"Performs safe phone-to-phone content transfers, providing support for a wide array of smartphone models and a user-friendly interface"
Phone Transfer,Make your migration from one mobile device to another smoother with the help of this app that can transfer data from your iOS phone to your Android and the other way around
Odin,"With support for the latest versions of Samsung smart phones and comprehensive Help contents, this program lets you flash your phone and get the latest updates before their official launch"
AirDroid,"This simple to use application allows you to access and manage your Android phone/tablet from the desktop, via wireless connection"
adbLink,"Install programs without the Android SDK, move and create backups for your Kodi data or move it to external drives using this software solution"
Genymotion,An easy-to-configure Android emulation utility that features high 3D performance and allows users to fully control the Android device
Elcomsoft eXplorer for WhatsApp,Decrypt and display the contents of your WhatsApps history by using this straightforward application that supports local and cloud backups
MightyText,Send text messages directly from your computer with the help of this app that synchronizez content between your PC and Android phone
FoneLab for Android,"Recover contacts, messages, call history, and pictures stored on your Android device with the help of this app that also boasts device repair tools"
Coolmuster Android Assistant,"Manage and seamlessly create backups with the contacts, applications, photos, videos and other files you store on your Android device with this tool"
MobiKin Assistant for Android,An intuitive and user-friendly software utility that helps you manage the documents and programs installed on your Android phone or tablet
Microsoft Phone Companion Store App,Connect your phone to your computer and manage it in various ways or view handy details about it with this reliable software solution
Elcomsoft Phone Viewer,"A reliable and user-friendly application for exploring the backup files you have created for your iOS, BlackBerry 10 or Windows Phone 8 handsets"
MessIt,"Import your SMS and MMS messages from a Nokia device, generate a centralized database and create locally stored backups for later reference"
Mobizen,"Seamlessly play videos,browse photos and reply to messages you receive various mobile apps from your computer using this application"
Twomon PC Program,"Alongside its mobile counterparts, this app allows you to extend your computer's workspace (desktop) using your iOS or Android devices"
ApowerMirror,Connect your Android or iOS phone to a computer to have the screen of the handheld device mirrored on the PC's monitor and to control the phone using the PC's keyboard and mouse
Sony Ericsson Ringtone Convertor,Create Sony Ericsson IMY file format ringtones from almost any other sound file with the help of this easy-to-use software application
Windows Phone Internals,"Unlock the bootloader of several Lumia devices, then get the chance to enable root access or flash custom ROMs on your smartphone"
Samsung Kies phonebook / calendar converter,Conveniently convert backup files of Samsung phonebooks (.SPB) and Samsung Calendar files (.SCC) to XML format with the help of this simple app
Samsung Smart Switch,Ease the migration from other smart phones to Samsung devices by backing up the data in a smart way using this simple and intuitive application
PhoneRescue for Android,"Recover corrupt contacts, messages, photos, videos, and any other files from your Android phone or tablet with the help of this app that lets you preview your data"
FoneDog Toolkit - Android Data Recovery,"Connect your Android device to your PC via a USB cable and recover any inaccessible contacts, messages, images, videos, and more using this application"
LG Flash Tool,A simple to use application that allows you to flash large KDZ ROM tools on your smartphone and it is optimized for LG phone models
Erelive Data Recovery for iOS,"Recover corrupt files from your iPhone, iPad, or iPod with the help of this handy app that lets you preview your data for full control"
Medusa Flasher,Effortlessly update the firmware of your mobile phone or repair it with the help of this simple and straightforward piece of software
MobiKin Doctor for Android,"Recover deleted text messages, contacts, photos, music and other files from smartphones and tablets running Android, with the help of this tool"
Coolmuster Lab.Fone for Android,"Recover lost media files, contacts, messages, call logs and documents from your Android device or an external SD card, with this straightforward program"
BlackBerry 10 OS Autoloader,Easily update your handheld device to the most recent edition of the BlackBerry OS using a computer and an autoloader that can automatically install the RAM image
Shining Android Data Recovery,"Salvage accidentally deleted files from your Android phone or tablet with the help of this recovery tool that can help you regain access to your pictures, photos, contacts, and more"
Debloater,"Block and unblock system or third-party applications on your Android device with very little effort, by using this intuitive program"
Android Data Recovery,Recover deleted all kinds of data from your Android phone or tablet as well as from any SD card with the help of this approachable piece of software
Android Data Backup & Restore,Create custom backups of the data you store on your Android device and restore it at a mouse click with the help of this approachable app
Broken Android Data Extraction,"Fix your Android when stuck in black screen, attacked by a virus, frozen, etc. and effortlessly extract the data it stores with the help of this app"
MiFlash,Update your Xiaomi device to its latest MIUI Rom version by turning to this application that makes the whole process quicker and simpler
Shining Samsung Data Recovery,Retrieve all sorts of data from your Samsung device with the help of this approachable recovery tool that lets you preview your files
Lotto007 Ultimate,"A lightweight application that helps users design lottery tickets and view detailed statistics about the entire process, which can be saved to HTML, TXT, or XLS file format, or printed"
Nokia Software Recovery Tool,Fix any software issues you might encounter with your Nokia device and install updates with the help of this simple and easy to use utility
PdaNet+ for Android,Turn your Android into a modem to share Internet with your desktop by installing this app on Windows and connecting it with your smartphone
Jihosoft Android Manager,Securely back up information on your Android-based mobile device with this intuitive application that allows you to print phone data
iReparo for Android,Recover data from your Android-based mobile device with this application that allows you to apply category-type filters to the documents retrieved
PhoneRescue for SAMSUNG,Create a secure backup package containing data of interest from your Samsung smartphone or tablet to prevent complete loss if something happens to your device
PhoneRescue for HUAWEI,Create a safe backup of all or custom selection of data from your HUAWEI mobile phone or tablet to be on the safe side in case something goes wrong
PhoneRescue for HTC,"Scan your HTC smartphone in order to create a backup with data like contacts, call history, messages, and personal items with the help of this application"
PhoneRescue for SONY,Scan your SONY mobile phone or pad and select items you want to back up to be able to restore later on with the help of this practical tool
PhoneRescue for GOOGLE,Create a safe backup of all your data on your Google phone or pad or select only items of interest with the help of this practical application
LG Bridge,"Manage the content on your LG mobile device, update it to the latest software version and create backups effortlessly with this tool"
Sony Xperia Companion,"Manage your Sony Xperia device, perform software updates, backup important data and more, with this powerful and intuitive utility"
KOPLAYER,Run Android games and apps directly on your computer's desktop with the help of this smooth-running and fairly lightweight emulator
iStonsoft MOBI to ePub Converter,"Quickly converts MOBI-formatted eboobs to ePub for iPad, iPhone, iPod touch, NOOK and other supported devices, featuring batch operations"
iStonsoft Android File Manager,"With this file manager for your Android phone, you can easily edit contacts, save SMS messages and even install new apps into your mobile phone"
Mobisynapse,"A simple Android Outlook Sync and Android desktop manager, allowing you to synchronize data between your computer and your Android device"
Apowersoft Phone Manager,"A user-friendly and effective program that can help you manage the contents of your mobile phone, be it an Android or iOS device"
HiSuite,"A powerful management suite especially tailored for Huawei smartphones, which provides contacts, messages and multimedia handling features"
Sony Bootloader Unlock,A simple and efficient piece of software developed to provide you with a quick and easy means of unlocking the bootloader on your Sony device
Phoneword,A simple-to-handle and portable tool that helps you identify phone numbers from user-defined character strings while offering support for a built-in QWERTY keyboard and a phone keyboard
Over-the-cable Updater,Get the latest available bug fixes and security updates for your Windows 10 Mobile or Windows Phone 8.1 device with the help of this lightweight tool
BlackBerry 9810 Simulator,Run BlackBerry device applications on your computer by simulating a virtual version of a specific device that you can control in many ways
BlackBerry 9790 Simulator,"Mobile app simulation environment for BlackBerry 9790, equipped with the necessary tools for testing the apps under various conditions"
BlackBerry 9860 Simulator,"Simulate different condition on a virtual BlackBerry 9860, so that you can load and test some of your own apps, while you can also take snapshots, view logs and record your on-screen actions"
BlackBerry 9220 Simulator,Allows you to run and test BlackBerry device applications on your computer inside an environment that resembles the physical one
BlackBerry 9930 Simulator,Run BlackBerry device applications on your computer that permit you to test various apps for mobile using this simple and straightforward tool
BlackBerry 9981 Simulator,Run BlackBerry applications on your computer and simulate various connectivity and state changes using this simple and straightforward tool
BlackBerry 9900 Simulator,A handy utility that was created in order to help you easily deploy BlackBerry device applications on your computer and emulate this device's functions
BlackBerry 9320 Simulator,An easy to use tool that was designed to help anyone run applications specifically tailored for BlackBerry devices on a regular PC
BlackBerry Smartphone Simulator,"A powerful, yet easy to use application that will enable you to deploy BlackBerry applications on your computer just like they were running on the native device"
Easy Phone Sync,An easy to use and efficient application functioning as a phone synchronization tool designed specifically for Samsung Galaxy devices
Nokia Care Suite,"Powerful software that offers support for GSM, CDMA and WCDMA devices and includes a bunch of modules aimed at installing or updating Nokia firmware"
Send2Phone,Exchange text messages and share files between your computer and your Android phone in the easiest and fastest way possible thanks to this application
Android ScreenCast,"Capture both still snapshots and videos, then save them on your PC, with this screen activity recording tool for your Android mobile phone"
Android Transfer for PC,"Install applications on your Android and transfer the documents, videos and pictures you need from your computer using this intuitive app"
SideSync,Seamlessly share the screen and data between your Samsung device and your computer using this simple and intuitive software solution
Android Tools,"Interact with your Android device in a comfortable way with the help of this app that can handle anything from ADB commands to backup and restore tasks, and other operations"
iSyncr,Synchronize the iTunes library with your Android phone over WiFi or a USB connection in no time with the help of this straightforward utility
AnyMP4 Mobile Transfer,"Transfer contacts, photos and other media files between iOS and Android devices in a couple of simple steps, with this intuitive application"
Jihosoft Phone Transfer,Transfer information between two mobile devices running either iOS or Android with this intuitive application that also allows you to import data from iTunes
m-center,"Configure, evaluate and test u-blox cellular modules by turning to this reliable application that comes with an extensive list of functions"
Pocket Controller,Manage your smartphone from your desktop and access files easier and more convenient using this simple and straightforward software solution
Samsung Data Migration,Easily migrate data to Samsung SSDs by cloning the entire disk/selected partitions or by handpicking the preferred files to transfer
Gihosoft Mobile Phone Transfer,"Create a backup of your phone data on your computer, transfer files between two phones, or restore previous backup sessions or iTunes media backup files"
Jihosoft WhatsMate,"WhatsApp manager for Android and iOS, enabling you to effortlessly back up and restore conversations, attachments, calls and contacts"
Droid4X,Emulate an Android environment and run mobile games and applications on your PC with the help of this reliable and intuitive software
LG PC Suite,A powerful software solution especially designed to help LG phone and tablet owners to manage and transfer data to and from their devices
SamFirm,The utility allows you to revert the changes made to your Samsung mobile device after jailbreak by downloading and installing the latest firmware
Smart Phone Flash Tool (SP flash tool),A reliable utility that is designed to assist Android phone users in flashing their handheld device and installing custom ROMs on it
Nokia Software Updater,Intuitive and efficient software program that helps you download and install firmware updates for most Nokia mobile phones out there
Andriller,An easy to use software solution that allows you to extract a very large amount of information from an Android powered device in a few steps
Andy,An Android emulator that makes it possible to install and run Android applications on your computer without too much hassle or effort
HomeCenter,Control and access your PC and various other smart devices from your mobile phone by using this advanced specialized application
YouWave for Android Home Edition,Use your PC as an Android device with this utility that emulates the ICS interface and allows you to run apps just like on an Android phone
YouWave for Android Premium,"Immerse in the exciting world of Android using this simple, yet fast and reliable simulator that enables you to download apps and play games"
Sony Mobile Flasher,"A powerful software solution that enables those who own Xperia smartphones to flash or root them, as well as install custom kernels"
LG Mobile Support Tool,"Grab the latest updates for your LG mobile phone by simply hooking it to your PC scanning for available updates, and performing the upgrade of drivers in little time."
Agama App Translator for Android,Effectively localize your Android applications and projects using the built-in Google Translator service with the help of this user-friendly and useful piece of software
FoneCopy,"Transfer contacts, movies, photos and other data from a mobile device to another one by using this user-friendly and reliable application"
GPRS Online Log,Monitor data exchanges made through GPRS connections using this application that keeps track of records and shows important information
MyPhoneExplorer,"Make calls, write messages, create new tasks or calendar entries and even view all your files from your phone directly from your computer by relying on this simple app"
Navitel Navigator update center,Seamlessly download the latest maps for your Navitel Navigator using this free application that autodetects new releases based on your device
Android Injector,Install APK apps on your Android smartphone or tablet fast and easy using this intuitive software application with just a couple of options
Remix OS Player,Try out and play the latest games available on Android mobile devices using the latest Marshmallow emulator via this straightforward solution
MoboMarket (Moborobo),"Enables you to easily manage multimedia files from your Android or iOS based devices, back up important data, send SMSs and download new apps, songs and themes"
DAEMON Sync,"Backup data from your Android or iOS phone to your computer, so you know it is always safe or clear up some space for new documents"
iSkysoft Phone Transfer,Transfer your smartphone's content to your new device or create a backup on your computer with your contacts using this user-friendly app
APKPull,"Extract applications and APKs from your Android device, with this easy-to-use application that features a command-line based interface"
Nexus Root Toolkit,"Mostly dedicated to power users, this application lets you unlock, root, relock and unroot your Nexus smartphone and comes packed with extensive Help documentation"
Helium,"Simple, light, powerful and accessible backup solution that has been specially designed and developed for your Android smartphone"
King Flasher,Seamlessly create backups and restore your data along with your system or try out various ROMs that grant you access to more functions and features
AMIDuOS PRO,Conveniently run Android operating system on your computer and access applications and games compatible with the OS via this tool
MiPCSuite,"Effortlessly manage your MIUI mobile device, create backups and free up space on your SD cards by deleting obsolete files via this utility"
phoneMiner,A useful application that was especially created in order to provide you with a simple means of accessing all your mobile phone backed up files
VCOrganizer SyncCenter,Keep items on your Android mobile device synchronized with the Outlook account with this application that supports WiFi and USB transfers
Root Genius,"With the help of this straightforward application, you can root your Android phone to change default factory settings and install your own apps"
Android Screen Recorder,"Record the screen of your Android mobile phone in a quick, efficient manner by relying on this lightweight command-line application"
Intel TelePort Extender,"Send and receive messages, view caller ID and remotely access the content on your mobile device on your computer with this software solution"
Intel Phone Flash Tool Lite,"Flash your smartphone, tablet or other device you are using and that includes an Intel chipset effortlessly with this software solution"
KOPLAYER APK Install,"Download apps from the Google Play Store, save the APK files locally and install applications on your Android device, with this nifty utility"
BlackBerry Backup Extractor,"Recover lost data from your BlackBerry (e.g. e-mails, contacts, calendar events, SMS messages, notes etc.) by extracting data from your backup"
PhoenixSuit,Manage your Android device in numerous manners by turning to this reliable application that provides you with several useful functions
Sachesi,"Install, uninstall, extract and search for firmware for your Blackberry 10 by using this intuitive and straightforward software solution"
Be Forever Me,Access your videos collections from your mobile device by organizing all files from drives or cameras in one place on your desktop
DroidCam Client,"Transform your Android-based phone into a wireless webcam, so that you can use it in video conferences and chat sessions to talk to your friends"
BlackBerry Blend,A reliable and comprehensive software solution that can bring messages and calendar tasks that you store on your BlackBerry smartphone to your computer
Pure APK Install,"Install XAPK and APK format files on Android devices from your computer, with the help of this intuitive and practical piece of software"
Wireless Workshop,Change your CDMA phone's settings and work with a different carrier with the help of this intuitive application that comes with support for various phone models
Rom Helper,"Modify smartphone ROMs, add SuperSU to them and pre-install APKs with the help of this snappy, straightforward piece of software"
Galaxy-Sync,Synchronize data between Microsoft Outlook and your Samsung mobile device with this program that allows you to view which items will be updated
EasyTether,"Tether your Android smartphone to your computer without rooting the device, thus sharing the mobile Internet access with the Windows PC"
Android Apk Installer,"Install APK packages onto an Android phone directly from the computer, by simply connecting the phone to the PC and enabling USB debugging"
Android-Sync,"Synchronize Android contacts, notes and calendar events to Outlook, by using this practical and reliable application worth having around at all times"
Tictoc,Chat with your friends with this flexible application that allows you to communicate from your computer with people on mobile devices
Universal Android Rooter,"A software utility that enables you to activate the root function on your Android-based mobile phone, regardless of the operating system version it runs on"
Bacon Root Toolkit,"This simple and intuitive application can help you unlock and root your OnePlus One device, in just a few quick moves of your mouse"
Sony Mobile Emma,A phone flashing utility for Xperia devices that enables you to unlock the handset and get full access to all the options and explore its capabilities
Oxygen Forensic Suite,"Go beyond the standard logical analysis of cell phones, smartphones and PDAs and use this suite to re-build the event timeline based on the extracted data"
BitGriff Mobile Exchange,"A software utility that enables you to transfer photos, videos and any other kind of documents between your PC and mobile phone, using a wireless network"
Droid Explorer,"Manage your rooted Android device with the simplicity of Windows Explorer, install and uninstall apps, take snapshots and use an integrated command shell"
CallCenter,Connect your mobile device to the computer via WiFi so you can easily issue calls and sent text messages with the help of this application
MobileVaults Companion,The desktop counterpart of the MobileVaults Windows Phone app that can be used to easily retrieve passwords in the smartphone vault
SonicHANDY,An easy-to-use and efficient application that allows you to set up a connection between your Android phone and your computer to manage your contacts and messages
BBQScreen,Remotely access your phone's screen
Droid Manager,Designed to be a near complete ADB front end including various tools for quick and easy achievement of best results in any Android-related task
Nokia Suite,"User-friendly program that helps you manage files on your Nokia-branded handhelds, namely send and receive messages while the device is connected to the computer, and sync music, photos and contacts"
liteCam Android,"Use this lightweight and effective application to record your Android phone's screen, when you play games or wish to create a tutorial video"
Blackberry Extractor,An intuitive and user-friendly software solution that can help you extract a wide range of information from your BlackBerry backup files
SyncDroid,"Back up Android contacts, bookmarks, photos and other information using this practical tool with a clean and intuitive interface"
TuneSync,Wireless music sync software for Android devices
Droid Sync Manager,A nifty software solution that comes in handy to all those who want to manage their computer files using their Android smartphones
NbuExplorer,"User-friendly program that helps you open Nokia backup files (e.g. NBU, NFB, NBF, NFC) and extract information such as contacts and messages"
Free JPG to OTA Converter,A handy application especially designed to help you turn all your digital photos from JPG format into Nokia phone compatible logos
GSM SIM Utility,"A set of utilities that can help you scan your SIM card, modify the details of existing contacts and add new ones in the address book"
SnapPea,"Straightforward application that provides users with a simple means of manage their Android data from their PC, as well as send text messages"
Motorola Software Update,"Bundled with backup and restore capabilities, this straightforward application provides users with a simple means of updating their Motorola handsets with the latest software through their computer"
Android ICS Root Unlocker,"A software utility you can use to enable the root function on your Android mobile phone, by connecting it to your computer and running the activation procedure"
Outlook Contacts Transfer Console,"A simple-to-use tool that helps users synchronize their contact information between Android devices and Outlook, while allowing them to delete the unwanted contacts"
Windows Phone Device Manager,Install or uninstall homebrew applications and sync files from your computer to your Windows Phone 7.5 devices with the help of this straightforward app
BlackBerry Link,User-friendly software solution that you can rely on to effortlessly synchronize your BlackBerry 10 phone files with your computer
I-NEED,"An intuitive and easy to use application designed to make file transfer between your computer and a mobile phone, a quick, easy task"
SRecordizer,"Lightweight tool which enables you to edit and create Motorola S-Record files, calculate the hash for all items and view ASCII encoding"
AndScreen,An easy to use application that can capture images from your Android device display which supports both the system and recovery modes
Ashampoo Media Sync,A user-friendly software solution that enables users to effortlessly synchronize the contents of several devices to their computer
VKP Maker,Simple utility that has been designed as a replacement for Notepad in order to offer users the possibility to load and edit VKP files
Wallpaperio N96 Maker,Simplistic piece of software that comes bundled with limited features for helping you generate wallpapers for your Nokia N96 device
StockPoint,This straightforward application offers you the possibility to explore the stock market and search for companies using various filters
Ringtonesia BlackBerry Curve Maker,"Straightforward application which enables you to create ringtones for your BlackBerry Curve device, from both audio and video files"
VeryAndroid SMS Backup,An easy to use software solution that enables you to backup and restore SMS messages from your Android phone in a few simple steps
WiFiRemotes Server,Simple application that allows control over the computer from a mobile phone by establishing a client-server connection between the two devices
LG On-Screen Phone,A useful application that was made in order to provide users with a means of connecting their LG phone with a computer to control the mobile device
Mobile Master RemoteType,An application designed to help create macros that can be sent to a supported mobile device directly from the computer with the press of a key
Heimdall Suite,A straightforward and accessible solution if you are looking to easily flash ROMs onto a Samsung mobile device in a few simple steps
VROOT,A lightweight software utility for Android mobile device owners who want to root them in order to obtain administrator privileges over the OS
remoteME server,"Transforms your Android device into a remote control for the PC, enabling you to control various media players, the keyboard, the mouse cursor and the power options"
BlackBerry 9700 Simulator,Run BlackBerry device applications on your computer
BlackBerry 9360 Simulator,An emulator for the BlackBerry 9360 phone that can help developers test mobile apps designed for the BlackBerry operating system
BlackBerry 8700 Simulator,Create applications for Blackberry devices and load them up in this utility which is the suitable testing ground for your future products
Kingsoft Office X Plats,A simple utility that will make it possible for anyone to easily exchange information stored in the clipboard with remote devices
Caster,"A useful application that was especially designed to provide users with a means of sharing web content on the fly, from their PCs or mobile phones"
Paraben's PhoneRecovery Stick,A powerful phone utility that enables its users to recover sensitive that has previously been deleted for investigatory purposes
MetroPCS MSL/SPC Calculator,A useful application that was especially designed to provide a simple means of calculating the MSL/SPC codes for MetroPCS phones
BlackBerry 9630 Simulator,Run BlackBerry device applications on your computer
Open Garden,A simple and easy to use application that was designed in order to provide users with a means of share Internet connections among several devices
NaviFirm Plus,Decide which firmware is more suitable to your Nokia mobile phone by selecting from several firmware versions (if available) and pick the update files that you want to install
AExplorer,"Explore the file system of your Android device, view installed applications and stored files and perform transfers between the PC and the phone"
Android Control,"A simple and user-friendly application which aims to offer you the ability of controlling your Android device from your computer, through a USB connection"
The Missing Sync for Android,"A reliable and user-friendly software solution for synchronizing data on your Android phone, such as call log, SMS, bookmarks or calendar entries"
DroidPad,A comprehensive software solution that enables you to replace your classical gaming controller with your phone and use a fully customized button layout
Android Image Resizer,An intuitive and user-friendly application whose main purpose is to re-dimension local images to sizes specific to Android icons
HTC Bootloader Unlock,A lightweight and easy to handle application that enables you to unlock the bootloader of your HTC mobile phone in order to root it
BlackBerry 10 Simulator,"A comprehensive simulator for BlackBerry 10 devices, which developers can use to load, test and run applications with customizable simulation conditions"
witSoft SMS GSM,This is a software application that enables any type of user to send bulk text messages and organize their address book with great ease
Fylet,"Provides secure photo transfers between your computer and your Android device via a WiFi connection, thus allowing for easy sync operations"
Sony Ericsson Update Service,Update the software stability of your Sony Ericsson phone directly from your computer with the help of this easy-to-use piece of software
Advanced Screenshot Creator,"A user-friendly and intuitive software solution that helps you take screenshots of your Android device's screen, without any additional settings"
Samsung GALAXY Tab Emulator,A handy emulation application designed for those who want to assess the capabilities of a Galaxy Tab device before purchasing it
MobileCaller,This compact application allows you to check if the sold phone starter packages have been activated in order to increase your profits
Nokia Link,Use this application to connect your computer and your Nokia phone in order to transfer and manage your multimedia files with minimum effort
Android Commander,Manage the files on your Android phone or tablet with easy in a completely safe environment in order to accomplish all of your Android-related jobs
Cheetah Sync,A handy and reliable software utility that helps you pair a folder on your Android device with a folder on your computer
QRCOPY,This is a smart application designed for modern phones that can copy and paste data between your computer and your phone based on QR codes
MIUI Lockscreen Helper,"A reliable, useful and effective application worth having when you need to create Android wallpapers and view them each time your phone is locked"
openMobile,"A reliable and efficient computing front-end that can provide you with a simple interface, particularly useful for handheld devices"
Elcomsoft Blackberry Backup Explorer,An efficient and reliable application that enables you to obtain forensic access to essential information stored in BlackBerry backups
WiFiCalls,A server-client application designed for Blackberry mobile devices that allows phone calls using a WiFi connection or data traffic plan
LicePT Smartphone Simulator,"A simple and user-friendly application that functions as a smartphone mobile device simulator, featuring a web browser, multimedia player and notepad"
NokiaCooker,This compact application allows you to modify the firmware files for Nokia phones in order to create a customized operating system
QR Transfer,A very lightweight application designed to help you send files onto your mobile phone by using QR codes to perform the transfers
Link Widget Creator,A lightweight utility that can be used to easily generate widgets that open Internet webpages for Samsung TouchWiz mobile phones
Root Wizard,"Allows you to root your mobile Android device by providing you with the required tools, drivers and video tutorials in a wizard-like interface"
Android Theme Studio,"A witty application for designing Android themes for supported Roms such as Cyanogen mod, Miui, AOKP as well as launchers including ONLY Icon Packs ATM"
S7-200,A well-designed program that is especially developed for simulation through the computer of the programmable robots of SIEMENS S7_200
Universal Advance Unlocker,An intuitive and handy application you can rely on when you want to unlock your phone so you can use it on various carrier networks
SIMCardManager,"View information about your mobile phone's SIM card, such as PIN states and SMS messages, thanks to this simple and portable app"
One Click Root,An intuitive and user-friendly application whose main purpose is to root or unroot your Android-based phone or tablet in a few simple steps
Desktop Dropbox Notifications,Receive Android notifications on your desktop
Moto Contacts Tool,Transfer your phone book between your PC and your Motorola Android phone
Holo Backup,A reliable and user-friendly software solution that comes in handy when you want to effortlessly create a backup for your Android phone
Windows Phone App,A reliable software solution that can help you easily manage files from your Windows Phone device after connecting it to the computer
Rockchip Batch Tool,This lightweight application allows you to update the firmware of the devices based on the Rockchip integrated circuit such as a tablet
One Shopping List,Manage your Windows Phone shopping list from your desktop
SMS Backup Reader,"View messages from your Android device and save them on your computer as a text file in a simple and fast manner, with little effort"
Trailmap Manager,A desktop manager for the Trailmap mobile application
BarcodeOverIP-Server,Turn your Android device into a barcode scanner
DAO4Sync Mobile Edition,A useful application that was created in order to provide all users with a simple means of having their mobile data integrated with the PC and available immediately
Paraben's Cell Scrubber,Detect and remove spyware from your BlackBerry phone
Tether,Use your phone's web connection on a laptop or PC
ApkChanger,"Intuitive command-line program that helps you modify APK files, decompile/compile JAR files, sign all APKs in a batch mode, and zipalign APK items"
USSD Polling,A command-line 3G modem polling tool
Free Recorder Explorer,"Clean application which communicates with your Windows Phone 7.1 so that you can transfer recordings to the hard drive, with a minimal amount of effort"
Easy Phone Sync for BlackBerry,Transfer BlackBerry backup files to your Android device
Mobile Data Monitoring Application,"With support for USSD commands, this straightforward application enables you to bring up information about your bandwidth usage, your device and signal strength"
floAt's Mobile Agent,A powerful phone editing tool allowing users to easily manage all of the personal data stored in their phones
VMPR,Change you phone's PIN to prevent any security breach.
WotanClient,"Carry out software update, debranding, phone lock reset and language change on Sony Ericsson mobile in the least possible timespan"
qAndroidNotifier,Alerts you when receiving notifications on your Android phone
AdbX,Easily connect to your Android device with the possibility to access debugging info and send custom commands with this powerful application
Blackberry Java Application Tool,"A simple, yet very efficient utility whose main purpose is to install, load and backup official and third-party applications on your Blackberry device"
TimePanic Sync,Connect your TimePanic application with a Windows Phone.
Easy Recharge Retailer,An offline computer application for retailers to recharge
AST Android SMS Transfer,"Easily transfer and back up Android SMS messages and contacts to the PC with this intuitive, approachable and quick software application"
Ripple Emulator,Browser-side tool for testing the HTML files of any BlackBerry app
Sony Ericsson Note Creator,"A simple-to-use yet reliable program worth having when you need to create notes for your Sony Ericsson phone, and save them to VNT file format"
Samsung Theme Designer,"Comprehensive application that provides users with a simple means of creating themes for their bada Samsung phone, with support for bada Flash Extension Services"
Smart Sync,A tool that synchronizes with 'Smart Dot Pro' Application to activate the 'Presentation Mode' and more
Keedom Smart Sync,An easy to use Android phone manager
MultiRemote Server,"A server for the MultiRemote Android application that allows you to control various desktop programs (e.g. Winamp, VLC, Power Point) right from your mobile device"
Easy ADB,"Straightforward program that enables Android developers and other users to install, download, and remove apps from their Android devices seamlessly"
TinyController Portable,Control your BlackBerry phone from the comfort of your PC
TinyController,Control your BlackBerry phone from the comfort of your PC
DeskNotifier,Receive phone notifications on your PC
The Owl VMG Reader,"With the help of a wizard, this application allows you to view the messages stored in VMG files and import them to your PC using a CSV format"
iTLogger,Log and evaluate your smartphone data
Nokia PC Suite,"User-friendly and rich-featured application that helps you transfer files from mobile phone to computer or vice versa, as well as synchronize and back up data"
BlueRadar,A marketing tool that allows you to send files to Bluetooth devices.
RoFage,"Java-based ROM manager that lets you view, edit, filter, optimize, compress, rename and export ROMs, as well as find and remove duplicates"
BBSAK,"Comprehensive application that provides users with a simple means of managing the contents of their BlackBerry phones, backup data and update or downgrade your OS"
Ipk Packager,Portable and Java-based program that helps you create IPK files by specifying the folder that contains the resources and adding description of the package
MemoCase,"Software solution designed to organize the data saved on your computer, you can use it to view the data and to search for a certain item"
Ipkg Feed Generator,Allows you to create ipkg feeds for your Palm device.
Unified Diff Creator,"Seamlessly compare two text documents to find out if they are identical, otherwise to learn all different characters using this Java-written app"
webOSDoctor URL Generator,Generates a direct download URL for webOSDoctor
Pete's Motorola Root Tools,"A handy and reliable software solution that allows users to root or unroot their Motorola phones, provided they have a supported model"
SISXplorer,"Opens a SIS package to view its contents, study the hexadecimal code of files, extract photos and save them to file, and configure several settings"
BlackBerry 7130g Simulator,Run BlackBerry device applications on your computer
BlackBerry 8707 Simulator,Run BlackBerry device applications on your computer
BlackBerry 8703e Simulator,Run BlackBerry device applications on your computer
BlackBerry 8830 Simulator,Run BlackBerry device applications on your computer
BlackBerry 8120 Simulator,Run BlackBerry device applications on your computer
BlackBerry 8320 Simulator,Run BlackBerry device applications on your computer
BlackBerry 8820 Simulator,Run BlackBerry device applications on your computer
BlackBerry 8100 Simulator,Run BlackBerry device applications on your computer
BlackBerry 8300 Simulator,Run BlackBerry device applications on your computer
BlackBerry 8310 Simulator,Run BlackBerry device applications on your computer
BlackBerry 8800 Simulator,Run BlackBerry device applications on your computer
BlackBerry 8330 Simulator,Run BlackBerry device applications on your computer
BlackBerry 8130 Simulator,Run BlackBerry device applications on your computer
BlackBerry 8110 Simulator,Run BlackBerry device applications on your computer
BlackBerry 8220 Simulator,Run BlackBerry device applications on your computer
BlackBerry 8230 Simulator,Run BlackBerry device applications on your computer
BlackBerry 9500 Simulator,Run BlackBerry device applications on your computer
BlackBerry 8350i Simulator,Run BlackBerry device applications on your computer
BlackBerry 9530 Simulator,Run BlackBerry device applications on your computer
BlackBerry 9000 Simulator,Run BlackBerry device applications on your computer
BlackBerry 9520 Simulator,Run BlackBerry device applications on your computer
BlackBerry 8520 Simulator,A simple and user-friendly software solution meant to assist you in running various BlackBerry device applications on your computer
BlackBerry 8900 Simulator,"Emulate a BlackBerry phone on your computer, tests apps on it, take snapshots and save them to the PC, record commands, set IT policy and use many other options"
BlackBerry 9550 Simulator,Run BlackBerry device applications on your computer
BlackBerry 9650 Simulator,Run BlackBerry device applications on your computer
BlackBerry 8530 Simulator,Run BlackBerry device applications on your computer
BlackBerry 9330 Simulator,Run BlackBerry device applications on your computer
BlackBerry 9670 Simulator,Run BlackBerry device applications on your computer
BlackBerry 9100 Simulator,Run BlackBerry device applications on your computer
BlackBerry 9105 Simulator,Run BlackBerry device applications on your computer
BlackBerry 9300 Simulator,"Use a BlackBerry smartphone simulator in order to run mobile apps and asses their performance, as well as get accustomed to the BlackBerry 9300 model"
BlackBerry 9780 Simulator,Run BlackBerry device applications on your computer
BlackBerry 9800 Simulator,"A simulator especially designed for the BlackBerry 9800 model, allowing you to test new apps and experiment with the phone before buying it"
BlackBerry 9380 Simulator,"A versatile emulation platform that provides the possibility to run, test and evaluate BlackBerry device applications on your computer"
BlackBerry 9360 Bell Simulator,Run BlackBerry device applications on your computer
BlackBerry 9350 Simulator,Run BlackBerry device applications on your computer
BlackBerry 9850 Simulator,Run BlackBerry device applications on your computer
Ring Factory,"Software solution designed to create ringtones and to upload them to your mobile phone, you can also create wallpapers for the mobile phone display"
SMSFromPC,Manage your Android SMS messages directly from your computer!
wf Phone Tools,A useful application that was created in order to help Windows Phone 7 users gain more control over their device and make it more customizable
Palm Desktop by ACCESS,"A powerful application that provides simple possibilities to backup, manage and synchronize your Palm phone data in a few easy steps"
FullonSMSClient,Java tool for sending SMS messages
Way2SMSClient,Send messages with this Java software
Sony Ericsson Themes Creator,You can make your phone look completely different from the rest
PhoneShare,Connect and share files with Samsung devices
Flowella,"Intuitive Air-based program that helps you design prototyped screens and interactions for mobile devices, while allowing you to export data to WRT, QML or Adobe Flash file format"
Salling Media Sync,Synchronize media between your PC and your phone
Carbide.ui Symbian Theme Edition,"Create stunning Symbian UI themes with the help of this Eclipse-based designing application, with a variate collection of predefined objects"
Nokia Configuration Tool,"A handy application developed specifically for Nokia S60, Symbian Anna and Nokia Belle devices that enables local settings management and backup operations"
Themes for WP7,Customize the themes of any Windows Phone application.
Ringtonesia Samsung Instinct Maker,"Create your own personalized ringtone for almost any kind of phone by easily setting quality, cropping the file and adding fade effects"
Ringtonesia Palm Pre Maker,A useful tool for creating ringtones for your Palm device
Ringtonesia BlackBerry Bold Maker,A useful tool for creating ringtones for your BlackBerry device
Ringtonesia Sony Ericsson W580i Maker,"With support for many file formats, this tool enables you to create ringtones from both audio tracks and video files with ease, as well as trim songs"
Ringtonesia LG enV Touch Maker,"An easy to use application that enables you to convert and trim audio files, in order to create ringtones for your LG enV Touch device"
Ringtonesia LG Dare Maker,A useful tool for creating ringtones for your LG Dare device
Ringtonesia HTC Magic Maker,Create ringtones compatible with your HTC device by converting common audio tracks or by extracting audio streams from video clips
Ringtonesia Nokia 5800 XpressMusic Maker,A straightforward application that targets users in need of a quick way of creating ringtones compatible with Nokia 5800 XpressMusic devices
Ringtonesia N97 Maker,Create a custom ringtone in a few easy steps or take the time to configure length and quality settings with the help of this practical application
Ringtonesia N96 Maker,"Compact program that allows you to convert MP3, WAV, AMR, WMA, VOB, and other files in order to create ringtones for your Nokia N96 device"
Ringtonesia N95 Maker,"With support for many audio and video formats, this clear-cut application enables you to create ringtones for several Nokia phones"
Ringtonesia Nokia Maker,"Program with standard and advanced options that enable users to create Nokia ringtones easily, with support for batch processing"
Wallpaperio Samsung Instinct Maker,A useful tool for creating background images for your Samsung device
Wallpaperio BlackBerry Curve Maker,A useful tool for creating background images for your BlackBerry device
Wallpaperio BlackBerry Maker,"A minimalistic utility that comes packed with several features to offer a swift and uncomplicated way, to make numerous wallpapers for BlackBerry devices"
Wallpaperio HTC Maker,A useful tool for creating background images for your HTC device
Wallpaperio Android Maker,A useful tool for creating background images for your Android portable device
Wallpaperio Nokia 5800 XpressMusic Maker,Create background images for Nokia 5800 XpressMusic and other types of Nokia devices using this approachable and straightforward tool
Wallpaperio N97 Maker,"A useful tool for creating background images for your Nokia devices (e.g. N95, N97) that allows you to preserve the aspect ratio and transfer files between the PC and mobile device"
Wallpaperio N95 Maker,"A compact program that helps you create background images for your Nokia N95 devices by uploading images from your computer (GIF, JPG, BMP, WMF, or PNG file format)"
Wallpaperio Nokia Maker,"A handy program that helps you create wallpapers for Nokia devices, while allowing you to select the zooming level, pick the background color, and preserve the aspect ratio"
Mobile Media Maker (Nokia),"Simple-to-configure program that helps you compress your favorite movies and have them on your Nokia devices, as well as watch clips in full screen landscape mode"
EzDeploy,A Dynamic Deploy Application
Nokia Music Player,"User-friendly software that helps you manage, listen and transfer the music you love between your PC and mobile devices, create playlists and burn CDs"
PalmUnlocker.com Pre 3 Unlocker,A tool to unlock and repair your HP Pre 3 phone at home by USB cable. Easy for everyone to use.
PalmUnlocker.com Palm Pre/Pre Plus/Pre 2 Unlocker,A tool to unlock and repair your Palm Pre/Pre Plus/Pre 2 phone at home by USB cable. Easy for everyone to use.
PalmUnlocker.com Palm Pixi/Pixi Plus Unlocker,A tool to unlock and repair your Palm Pixi/Pixi Plus phone at home by USB cable. Easy for everyone to use.
HP Veer Unlocker,A tool to unlock and repair your HP Veer phone at home by USB cable. Easy for everyone to use.
Site2SMSClient,Send phone messages using this Java tool
UnlockStreak Dell Streak Unlocker,A tool to unlock and repair your DELL Streak 5 phone at home by USB cable. Very easy and safe.
WinADB,A front end for the 'adb' command
HandySync for Smartphone,Sync Calendarscope data with your smartphone
HandySync for Pocket PC,Sync Calendarscope data with your mobile device
WhisperCore,Device and data security for Android.
Blackberry Notifier,View all your Blackberry notifications
"Walshed Phone Support Tool,The official fix that was especially created to help users get back on track with Windows Phone 7 updates in case an error occurs
symbiantool,"A simple and reliable application that you can use to back up, restore, clean up, edit, optimize, sterilize and fix your Symbian-based phone data"
Windows Phone Support Tool,Fix various problems with your Windows Phone 7 updates by using a comprehensive and handy tool that can trace errors and reload the process
Oxygen Phone Manager II,"Straightforward program that helps you copy or back up files to or from your Nokia device using cable, irDA (infrared) or Bluetooth"
Oxygen Phone Manager for Symbian phones,"Compact program that helps you perform a variety of tasks including backups, calendar managing or messaging straight from the PC"
M8 Theme Builder,A simple yet practical utility specially designed for users who want to build M8 theme packages or simply customize their own icons
Noki Gems,Merge your favorite SMS into one .NBU File
OxyFile,"Enables you to manage all the files and folders from your phone in a more efficient manner, as well as display information regarding it"
Nokia PC Suite Cleaner,Simple program that adopts a step-by-step approach for helping you remove all the traces left by Nokia PC Suite and provides detailed reports about the cleaning operation
Nokia Map Manager,Easily transfer map files between your device and PC
Nokia Video Manager,A user-friendly tool that will make it possible for anyone to manage their video files stored onto their Nokia phone and even convert them on the spot
Sony Ericsson PC Suite,"A comprehensive and practical software solution for all Sony mobile users that want to create backups of their devices, as well as enjoy other useful features"
Sony Ericsson PhoneGap Simulator,"A phone simulator for Sony Ericsson XPERIA X10 and Satio models that includes a debug console ready to help you identify errors in HTML, CSS and JavaScript code"
Sony Ericsson Web SDK,Easily develop Sony Ericsson applications for Android and Symbian
Sony Ericsson Beta Panel SDK for X2,A powerful and reliable software development kit that provides assistance in building and testing Panels for the XPERIA X2 mobile phone
MobiMB Mobile Media Browser,"Nokia mobile phone manager that allows you to remove, copy, edit and transfer the contents of your phone to the computer or vice versa"
K700 Remote Profiler,The SonyEricsson k700 offers the possibility of steering the PC over Bluetooth
NokNokWhosThere,Transfer data from your computer to your mobile phone with this tool.
Nokia Photos,A PC application that you can use to manage all your photos and videos
BlackBerry Email and MDS Services Simulator Package,An easy to install package that uses the JDK in order to simulate network connection services in BlackBerry Smartphone Simulator
CheckIMEI,"A small and intuitive tool that helps users gather information (brand, model, and region) about mobile phones based on the IMEI code"
Mobile Movie Studio (Sony Ericsson),"Put video's, TV and DVD's on your Sony Ericsson phone, watch movies on the go"
Noki,"An easy-to-configure program that helps you extract information from Nokia PC Suite backup files including packed pictures, phonebook, text messages, calendar database, emails, and bookmarks"
Sony Ericsson Beta SDK for Windows Mobile 6.1,"Develop and test Xperia Native Panels, Xperia Web (HTML) Panels and Xperia Panels, then test them using the integrated phone device emulator"
OxyBook,"Quickly establish a connection between your phone and computer in order to create a backup of your contacts, as well as editing them"
Phone Manager,"A handy utility that works with any GSM phone with a chip, enabling you to manage SMS messages, calls and organize contacts in the address book"
Route Editor,Takes the log file generated by RouteLogger and allows you to arrange locations
XTNDConnect PC,Desktop synchronization of PIM to mobile devices
SE Customization Editor,Sony Ericsson modding tool
Softick jApploader SE,"Wizard-like program which enables you to upload Java applets on your Samsung phone, with a minimal amount of effort, as well as save logs"
UsabilityExpo,An amazingly beneficial tool for doing usability tests on mobile phones
Windows SideShow for Windows Mobile Developer,Allows you to use your Windows Mobile device as a Bluetooth SideShow device
Nokia Fast RingTone Tuner,"Simplistic and portable piece of software that helps you convert or create new ringtones, choose the desired tempo, and export the key code of the resulting ringtone to RTF file format"
GammUI,"Read and export phonebook, calendar and todo list from a mobile phone"
Ericsson Melody Creator and Translator,Create MIDI ringtones for older Sony Ericsson mobile phones by typing the keys in a virtual piano and translating them into keyboard notes
SMS Receiver,Will manage your incomming SMS messages
Ericsson Phonebook Editor,"Read, modify and write the phonebook stored in your SIM-card or in the phone memory"
VNT Maker,Create VNT (notes) files at the easiest way possible.
Mobile Ringtone Studio,"Designed for older Nokia phones and Windows versions, this tool allows users to transfer MP3 tracks between the computer and mobile device, rip audio CDs, and create ringtones"
Nokia Lifeblog,"A user-friendly program that helps you manage all the media files available on your device, rotate images or edit text notes, as well as back up files"
Vcard Studio Express,Simple-to-use and portable program that helps you create your own electronic business card and export the information to VCF file format
LogoManager,"Full-featured graphics editor that helps you backup data, create screensavers or ringtones, send text messages and get a technical report of your Nokia device"
Oxygen FM Manager,"Manage your Nokia 8310/6510 FM radio stations from the comfort of your desktop via IrDA connections, save a list with favorite station presets, and edit each station in terms of frequency and name"
Vcf Generator,"Easy-to-configure and portable program that helps you create VCF files using basic details, such as name, phone numbers, birthday, email and website address"
Siemens Mobile Control,Phone manager for Siemens phones
Melody Composer (NOKIA edition),"A small and portable piece of software that helps you create ringtones for your mobile phones, choose between several samples, and use the built-in player"
Oxygen SMS Plugin for Alchemy Eye,"A plugin designed to send server notifications via SMS using Nokia GSM phone, connected to your computer"
TOxygenSMS Component for Borland Delphi & Borland C++ Builder,TOxygenSMS component is designed to give an access to SMS and Calendar capabilities of Nokia GSM phone
Oxygen Ringtone Workshop,Oxygen Ringtone Workshop for Nokia phones program allows you to control standard and custom ringtones of your Nokia
Siemens Mobile Phone Manager,Comfortable management of extended Siemens mobile phone's functionality
Send File,Send any file to Ericsson mobile phone with this useful utility
CleverCell Phone Manager,"Outdated phone manager for transferring and synchronizing SMS messages, call logs, contacts and multimedia files to the computer"
Midi2Ringtone,"Simplistic and portable piece of software that helps you convert MIDI files to Nokia Composer or Nokia RTTL format ringtone, provided that the MIDI files have a single channel"
Handy Day 2005 for Sony Ericsson P910/P900/P800,"A reliable mobile application for managing your planned events and meetings, as well as get weather forecasts for your chosen location"
Ericsson Desktop,An efficient and reliable application that you can use to access your Sony Ericsson phone and manage its contents from your computer
MelodyComposer for Sony-Ericsson,A reliable and handy software solution that comes in handy to all those want to create monophonic ringtones and convert them to other formats
PhoneBackup 1.4.4 for Sony Ericsson,This program will take a backup of the settings in your phone
"QuickSync Software for Siemens SL45, SL45i, S45 and ME45",A handy software solution that comes in handy to those who use older models of Siemens phones and want to sync their handset calendar with Outlook
Data Exchange for Siemens S45i,A handy application especially designed to help owners of an old Siemens phone access and manage the data stored onto their device
Data Exchange for Siemens S45 and ME45,A convenient and reliable software solution that can be used by all those who want to transfer data between the computer and their old Siemens phones
PC File Manager for Sony Ericsson P9xx,A useful application that was especially created to offer you the possibility of managing files on your phone from your computer
Siemens Data Suite for S55 and M55,It provides you with all the necessities you need for synchronizing your mobile data with the PC
Theme Creator Pro for Sony Ericsson,"Theme Creator Pro - A powerful tool designed to create, edit, browse and manage themes for Sony Ericsson mobile phones"
ThemeEditor for Sony Ericsson P900 v1.0,"Change common backgrounds, all menu colors, and the background of the top and bottom bars of the screen using this simple and straightforward app"
Christersson SendFile for Sony Ericsson,Christersson SendFile for Sony Ericsson allows you to send any file to your mobilephone
MMS Home Studio 1.1.283 for Sony Ericsson,Creating complex MMS in your mobile phone can be a hassle
MyPictures for Sony Ericsson,A useful image management utility that was created in order to allow owners of older Sony Ericsson mobile phones to personalize their devices
Sony Ericsson Image Editor,Sony Ericsson Image Editor - Use this program to resize the images you want to the appropriate size and format of your phone
Mobile Phone Monitor R2A for Sony Ericsson,Easily connect your phone to PC
NokiaFREE Unlock Codes Calculator,"A smart software solution that allows you to use your mobile phone with any service provider around the world, as you only need to specify the IMEI code"